,PercentSalaryHike,MonthlyRate,HourlyRate,Age,DailyRate,DistanceFromHome,NumCompaniesWorked,TotalWorkingYears,YearsAtCompany,YearsInCurrentRole,YearsSinceLastPromotion,YearsWithCurrManager,MonthlyIncome
0,11,19479,94,41,1102,1,8,8,6,4,0,5,5993
1,23,24907,61,49,279,8,1,10,10,7,1,7,5130
2,15,2396,92,37,1373,2,6,7,0,0,0,0,2090
3,11,23159,56,33,1392,3,1,8,8,7,3,0,2909
4,12,16632,40,27,591,2,9,6,2,2,2,2,3468
5,13,11864,79,32,1005,2,0,8,7,7,3,6,3068
6,20,9964,81,59,1324,3,4,12,1,0,0,0,2670
7,22,13335,67,30,1358,24,1,1,1,0,0,0,2693
8,21,8787,44,38,216,23,0,10,9,7,1,8,9526
9,13,16577,94,36,1299,27,6,17,7,7,7,7,5237
10,13,16479,84,35,809,16,0,6,5,4,0,3,2426
11,12,12682,49,29,153,15,0,10,9,5,0,8,4193
12,17,15170,31,31,670,26,1,5,5,2,4,3,2911
13,11,8758,93,34,1346,19,0,3,2,2,1,2,2661
14,14,12947,50,28,103,24,5,6,4,2,0,3,2028
15,11,10195,51,29,1389,21,1,10,10,9,8,8,9980
16,12,15053,80,32,334,5,0,7,6,2,0,5,3298
17,13,7324,96,22,1123,16,1,1,1,0,0,0,2935
18,16,22021,78,53,1219,2,2,31,25,8,3,7,15427
19,11,4306,45,38,371,2,5,6,3,2,1,2,3944
20,18,8232,96,24,673,11,0,5,4,2,1,3,4011
21,23,6986,82,36,1218,9,7,10,5,3,0,3,3407
22,11,21293,53,34,419,7,0,13,12,6,2,11,11994
23,14,19281,96,21,391,15,1,0,0,0,0,0,1232
24,11,17102,83,34,699,6,2,8,4,2,1,3,2960
25,11,10735,58,53,1282,5,4,26,14,13,4,8,19094
26,22,4681,72,32,1125,16,1,10,10,2,6,7,3919
27,11,21173,48,42,691,8,0,10,9,7,4,2,6825
28,14,2094,42,44,477,7,3,24,22,6,5,17,10248
29,12,22822,83,46,705,2,3,22,2,2,2,1,18947
30,11,6670,78,33,924,2,4,7,1,1,0,0,2496
31,13,19121,41,44,1459,10,2,9,4,2,1,3,6465
32,13,16117,83,30,125,9,1,10,10,0,1,8,2206
33,14,3335,56,39,895,5,3,19,1,0,0,0,2086
34,16,3020,61,24,813,1,2,6,2,0,2,0,2293
35,12,21923,72,43,1273,2,1,6,5,3,1,4,2645
36,14,3810,86,50,869,3,1,3,3,2,0,2,2683
37,13,9687,97,35,890,2,1,2,2,2,2,2,2014
38,14,13072,82,36,852,5,9,6,1,1,0,0,3419
39,19,3193,42,33,1141,1,2,10,5,3,1,3,5376
40,12,10910,75,35,464,4,1,1,1,0,0,0,1951
41,13,19715,33,27,1240,2,1,1,1,0,0,0,2341
42,12,10558,48,26,1357,25,1,1,1,0,0,1,2293
43,15,2975,37,27,994,8,1,9,9,8,1,7,8726
44,23,10781,58,30,721,1,1,12,12,8,3,7,4011
45,12,16280,49,41,1360,12,1,23,22,15,15,8,19545
46,20,10034,72,34,1065,23,0,10,9,5,8,7,4568
47,21,10227,73,37,408,19,4,8,1,0,0,0,3022
48,21,20445,98,46,1211,5,4,14,9,6,0,8,5772
49,19,4892,36,35,1229,8,1,1,1,0,0,1,2269
50,13,19294,98,48,626,1,9,23,1,0,0,0,5381
51,13,11179,50,28,1434,5,1,2,2,2,2,2,3441
52,21,4009,75,44,1488,1,5,9,4,3,1,3,5454
53,13,8302,79,35,1097,11,2,10,4,0,2,3,9884
54,19,21436,47,26,1443,23,7,5,2,2,0,0,4157
55,12,15146,98,33,515,1,1,15,15,14,8,12,13458
56,22,11031,71,35,853,18,1,9,9,8,1,8,9069
57,15,16002,30,35,1142,23,3,4,2,2,2,2,4014
58,22,9528,48,31,655,7,3,10,7,7,1,7,5915
59,18,2689,51,37,1115,1,1,7,7,5,0,7,5993
60,22,10877,33,32,427,1,1,9,9,8,7,8,6162
61,11,5456,50,38,653,29,1,10,10,3,9,9,2406
62,12,16701,43,50,989,7,5,29,27,3,13,8,18740
63,11,2354,99,59,1435,25,7,28,21,16,7,9,7637
64,13,8202,59,36,1223,8,1,17,17,14,12,8,10096
65,14,19730,33,55,836,8,2,21,5,0,0,2,14756
66,13,22656,95,36,1195,11,1,6,6,5,0,3,6499
67,17,18787,59,45,1339,7,2,25,1,0,0,0,9724
68,13,5868,79,35,664,1,4,5,3,2,1,2,2194
69,17,21777,79,36,318,9,0,2,1,0,0,0,3388
70,11,24668,57,59,1225,1,7,20,4,3,1,3,5473
71,23,4956,76,29,1328,2,0,6,5,4,0,4,2703
72,17,18775,87,31,1082,1,1,1,1,1,1,0,2501
73,17,7346,66,32,548,1,1,10,10,4,0,9,6220
74,12,22002,55,36,132,6,3,5,1,0,0,0,3038
75,23,20682,61,31,746,8,1,11,11,7,1,8,4424
76,14,23016,32,35,776,1,0,16,15,13,2,8,4312
77,14,15067,52,45,193,6,4,17,0,0,0,0,13245
78,13,25258,30,37,397,7,4,16,5,2,0,2,13664
79,22,10425,80,46,945,5,8,16,4,2,0,2,5021
80,12,15998,55,30,852,1,1,10,10,8,3,0,5126
81,18,26278,30,35,1214,1,1,6,6,4,0,4,2859
82,14,18092,70,55,111,1,3,24,1,0,1,0,10239
83,12,15717,79,38,573,6,7,17,13,11,1,9,5329
84,15,17736,94,34,1153,1,1,5,5,2,1,3,4325
85,11,21698,49,56,1400,7,4,37,6,4,0,2,7260
86,13,9518,62,23,541,2,3,3,0,0,0,0,2322
87,23,18725,96,51,432,9,3,10,4,2,0,3,2075
88,19,15830,99,30,288,2,1,11,11,10,10,8,4152
89,16,13596,64,46,669,9,1,9,9,8,4,7,9619
90,22,14115,78,40,530,1,1,22,22,3,11,11,13503
91,22,8423,71,51,632,21,0,11,10,7,1,0,5441
92,12,19760,63,30,1334,4,1,11,11,8,2,7,5209
93,13,3142,40,46,638,1,2,21,10,9,9,5,10673
94,16,24301,87,32,1093,6,1,12,11,8,5,7,5010
95,12,24001,60,54,1217,2,9,16,4,3,0,3,13549
96,21,17519,33,24,1353,3,0,4,3,2,0,2,4999
97,15,8863,43,28,120,4,1,5,5,4,0,4,4221
98,13,24409,37,58,682,10,0,38,37,10,1,8,13872
99,12,25043,67,44,489,23,4,17,3,2,1,2,2042
100,22,23648,63,37,807,6,4,7,3,2,0,2,2073
101,13,15178,71,32,827,1,1,1,1,0,0,0,2956
102,18,19783,66,20,871,6,1,1,1,0,1,0,2926
103,14,12482,41,34,665,6,1,16,16,13,2,10,4809
104,14,15850,100,37,1040,2,5,17,1,0,0,0,5163
105,21,21922,32,59,1420,2,9,30,3,2,2,2,18844
106,19,9755,73,50,1115,1,3,28,8,3,0,7,18172
107,11,26959,46,25,240,5,1,6,6,4,0,3,5744
108,11,26897,64,25,1280,7,1,2,2,2,2,1,2889
109,15,23785,59,22,534,15,1,1,0,0,0,0,2871
110,20,25796,30,51,1456,1,3,23,13,12,12,8,7484
111,24,22887,66,34,658,7,1,9,9,7,0,6,6074
112,12,13871,30,54,142,26,2,23,5,3,4,4,17328
113,12,13257,52,24,1127,18,0,6,5,3,1,2,2774
114,15,15000,45,34,1031,6,6,12,1,0,0,0,4505
115,12,14506,87,37,1189,3,2,12,5,3,1,3,7428
116,12,5615,45,34,1354,5,2,14,11,10,5,8,11631
117,14,22952,92,36,1467,11,0,10,9,7,2,8,9738
118,22,2561,39,36,922,3,5,7,1,0,0,0,2835
119,12,19494,92,43,394,26,1,25,25,12,4,12,16959
120,25,22310,96,30,1312,23,1,10,10,7,0,9,2613
121,13,15480,95,33,750,22,0,8,7,7,0,7,6146
122,18,4510,72,56,441,14,9,7,5,4,4,3,4963
123,13,6462,51,51,684,6,7,23,20,18,15,15,19537
124,18,20739,76,31,249,6,4,12,7,7,7,7,6172
125,19,23300,46,26,841,6,1,5,5,4,4,3,2368
126,12,3465,94,58,147,23,1,40,40,10,15,6,10312
127,19,26820,50,19,528,22,1,0,0,0,0,0,1675
128,14,19299,100,22,594,2,0,3,2,1,2,1,2523
129,14,5549,96,49,470,20,1,16,15,11,5,11,6567
130,12,16090,72,43,957,28,4,18,3,2,1,2,4739
131,11,6645,77,50,809,12,4,16,2,2,2,1,9208
132,11,24788,71,31,542,20,3,4,2,2,2,2,4559
133,13,21196,96,41,802,9,3,12,9,7,0,7,8189
134,23,8916,61,26,1355,25,1,8,8,7,5,7,2942
135,20,2819,84,36,216,6,6,7,3,2,0,1,4941
136,15,25150,53,51,1150,8,2,18,4,2,0,3,10650
137,14,14590,47,39,1329,4,4,17,15,11,5,9,5902
138,18,24835,41,25,959,28,2,6,2,2,2,2,8639
139,19,13982,48,30,1240,9,0,12,11,9,4,7,6347
140,22,10224,41,32,1033,9,7,10,5,4,0,4,4200
141,13,9752,83,45,1316,29,5,9,6,5,0,3,3452
142,20,2302,32,38,364,3,3,19,3,2,2,2,4317
143,14,23910,75,30,438,18,1,5,5,4,0,4,2632
144,17,22812,35,32,689,9,0,9,8,7,0,7,4668
145,14,10415,84,30,201,5,5,8,3,2,2,2,3204
146,13,11162,35,30,1427,2,0,6,5,3,1,2,2720
147,13,12888,91,41,857,10,4,21,7,6,7,7,17181
148,21,6961,94,41,933,9,2,7,5,0,1,4,2238
149,14,16102,79,19,1181,3,1,1,1,0,0,0,1483
150,11,8504,54,40,1395,26,1,20,20,7,2,13,5605
151,13,11439,94,35,662,1,1,10,10,8,0,6,7295
152,20,16047,34,53,1436,6,2,13,7,7,4,5,2306
153,18,10901,60,45,194,9,8,20,17,9,0,15,2348
154,14,15589,43,32,967,8,1,9,9,8,3,7,8998
155,13,26283,41,29,1496,1,1,10,10,7,0,9,4319
156,17,13983,34,51,1169,7,2,10,1,0,0,0,6132
157,20,11873,75,58,1145,9,4,9,1,0,0,0,3346
158,11,8552,67,40,630,4,7,15,12,11,2,11,10855
159,18,11314,75,34,303,2,6,6,4,3,1,2,2231
160,24,11992,80,22,1256,19,1,2,2,2,2,2,2323
161,18,5970,57,27,691,9,6,6,2,2,2,2,2024
162,11,6672,42,28,440,21,1,5,5,2,0,2,2713
163,16,23402,83,57,334,24,3,12,5,3,1,4,9439
164,15,25326,79,27,1450,3,1,1,1,1,0,1,2566
165,15,17053,53,50,1452,11,3,21,5,4,4,4,19926
166,12,4609,56,41,465,14,4,13,9,8,1,8,2451
167,12,8053,41,30,1339,5,2,12,10,9,7,4,9419
168,22,12930,59,38,702,1,4,12,8,3,0,7,8686
169,20,12430,43,32,120,6,3,8,5,4,1,4,3038
170,16,13364,51,27,1157,17,0,6,5,2,1,1,3058
171,21,20989,100,19,602,1,0,1,0,0,0,0,2325
172,12,15062,30,36,1480,3,4,13,8,7,7,2,2088
173,11,11012,66,30,111,9,1,12,12,9,6,10,3072
174,11,6319,30,45,1268,4,4,9,5,4,0,3,5006
175,18,13939,67,56,713,8,4,19,2,2,2,2,4257
176,14,10515,90,33,134,2,0,4,3,1,0,2,2500
177,22,9241,47,19,303,2,1,1,1,0,1,0,1102
178,25,2137,92,46,526,1,1,24,24,13,15,7,10453
179,12,6319,75,38,1380,9,1,2,2,2,2,1,2288
180,23,6984,95,31,140,12,8,7,4,2,0,2,3929
181,15,5711,95,34,629,27,2,9,3,2,1,2,2311
182,22,21728,70,41,1356,20,1,4,4,3,0,2,3140
183,15,3425,86,50,328,1,2,5,3,2,0,2,3690
184,11,26250,57,53,1084,13,1,5,4,2,1,3,4450
185,13,4673,72,33,931,14,1,8,8,7,1,6,2756
186,14,6499,46,40,989,4,1,21,20,8,9,9,19033
187,11,13339,61,55,692,14,8,36,24,15,2,15,18722
188,17,14074,45,34,1069,2,1,10,10,9,1,9,9547
189,18,7192,98,51,313,3,3,21,7,7,1,0,13734
190,14,5678,65,52,699,1,0,34,33,18,11,9,19999
191,16,11781,99,27,894,9,1,7,7,7,0,3,2279
192,13,15497,50,35,556,23,3,8,1,0,0,1,5916
193,14,5228,37,43,1344,7,4,7,5,4,2,2,2089
194,23,20462,65,45,1195,2,9,22,20,8,11,8,16792
195,12,22977,65,37,290,21,1,8,8,7,1,7,3564
196,11,15986,37,35,138,2,5,10,6,2,1,2,4425
197,16,16439,36,42,926,21,2,11,5,3,0,2,5265
198,14,7259,88,38,1261,2,9,14,1,0,0,0,6553
199,18,4185,54,38,1084,29,3,9,7,7,1,7,6261
200,19,9679,60,27,472,1,5,6,2,2,2,0,4298
201,15,23793,92,49,1002,18,1,7,7,7,1,7,6804
202,17,5972,43,34,878,10,1,5,5,3,2,0,3815
203,15,16523,99,40,905,19,8,15,7,2,3,7,2741
204,19,11354,70,38,1180,29,7,17,1,0,0,0,6673
205,22,24525,35,29,121,27,1,10,10,4,1,9,7639
206,16,12392,60,22,1136,5,1,4,4,2,2,2,2328
207,13,7703,73,36,635,18,1,8,8,1,1,7,2153
208,14,14242,63,40,1151,9,9,5,3,2,0,2,4876
209,16,12368,97,46,644,1,7,17,4,2,0,3,9396
210,11,25812,32,32,1045,4,1,14,14,8,9,8,10400
211,22,20925,88,30,829,1,1,12,11,8,5,8,8474
212,14,12916,90,27,1242,20,1,7,7,7,0,7,9981
213,16,15736,81,51,1469,8,5,16,10,9,4,7,12490
214,11,8556,88,30,1005,3,5,8,5,2,0,4,2657
215,18,14674,75,41,896,6,3,16,1,0,0,0,13591
216,15,22967,52,30,334,26,5,9,6,3,0,1,6696
217,14,19757,85,29,992,1,0,7,6,2,1,5,2058
218,12,16840,57,45,1052,6,6,23,19,7,12,8,8865
219,14,17011,52,54,1147,3,2,16,6,2,0,5,5940
220,16,9945,62,36,1396,5,8,16,13,11,3,7,5914
221,21,13248,47,33,147,4,6,7,3,2,1,1,2622
222,14,10056,47,37,663,11,1,10,10,8,0,7,12185
223,12,9647,76,38,119,3,0,17,16,10,5,13,10609
224,12,4381,90,31,979,1,0,6,5,4,1,4,4345
225,17,8456,70,59,142,3,3,7,1,0,0,0,2177
226,17,2539,41,37,319,4,4,13,9,8,5,8,2793
227,14,6599,42,29,1413,1,1,11,11,10,4,1,7918
228,14,9096,92,35,944,1,1,10,10,7,0,8,8789
229,13,14961,86,29,896,18,1,4,4,3,0,1,2389
230,15,3300,89,52,1323,2,7,6,2,2,2,2,3212
231,11,4933,58,42,532,4,1,22,22,17,11,15,19232
232,17,25657,52,59,818,6,8,7,2,2,2,2,2267
233,11,24118,68,50,854,1,3,32,7,0,0,6,19517
234,13,22149,58,33,813,14,5,8,5,4,0,4,2436
235,22,7744,80,43,1034,16,5,22,17,13,1,9,16064
236,20,21509,39,33,465,2,7,13,9,7,1,7,2707
237,18,21030,79,52,771,2,1,33,33,7,15,12,19068
238,11,20990,56,32,1401,4,2,6,4,3,1,2,3931
239,14,9571,62,32,515,1,0,4,3,2,1,2,3730
240,14,15417,96,39,1431,1,7,7,3,2,1,2,2232
241,18,12069,100,32,976,26,0,4,3,2,2,2,4465
242,16,19877,36,41,1411,19,2,17,1,0,0,0,3072
243,17,24447,62,40,1300,24,1,9,9,8,4,7,3319
244,11,15970,70,45,252,1,0,25,24,0,1,7,19202
245,12,13523,73,31,1327,3,9,9,2,2,2,2,13675
246,13,14776,63,33,832,5,1,2,2,2,0,2,2911
247,13,23687,84,34,470,2,6,13,11,9,5,9,5957
248,14,18697,83,37,1017,1,2,17,3,1,0,2,3920
249,17,5118,77,45,1199,7,4,9,3,2,0,2,6434
250,11,22573,61,37,504,10,6,17,1,0,0,0,10048
251,25,6420,64,39,505,2,0,20,19,6,11,8,10938
252,19,22673,60,29,665,15,1,6,6,5,1,5,2340
253,13,23016,82,42,916,17,3,10,3,2,0,2,6545
254,14,10732,45,29,1247,20,2,10,3,2,0,2,6931
255,12,7505,62,25,685,1,0,5,4,2,1,2,4898
256,11,8007,56,42,269,2,0,10,9,6,7,8,2593
257,19,5949,49,40,1416,2,0,22,21,7,3,9,19436
258,11,23231,96,51,833,1,1,1,1,0,0,0,2723
259,11,11652,71,31,307,29,0,6,5,4,1,4,3479
260,20,26062,100,32,1311,7,1,5,5,1,0,3,2794
261,18,19682,39,38,1327,2,3,13,8,7,7,5,5249
262,13,19737,84,32,128,2,4,9,6,2,0,4,2176
263,12,14977,75,46,488,2,3,28,7,7,7,7,16872
264,11,14935,79,28,529,2,2,5,0,0,0,0,3485
265,19,3687,78,29,1210,2,2,10,0,0,0,0,6644
266,21,14408,64,31,1463,23,0,10,9,0,7,8,5582
267,12,18384,85,25,675,5,1,6,6,3,1,5,4000
268,14,7501,79,45,1385,20,0,21,20,7,4,10,13496
269,11,20251,47,36,1403,6,0,16,15,13,10,11,3210
270,14,18938,81,55,452,1,0,37,36,10,4,13,19045
271,12,10268,88,47,666,29,1,10,10,7,9,9,11849
272,23,2613,94,28,1158,9,1,5,5,2,0,4,2070
273,14,22825,98,37,228,6,4,7,5,4,0,1,6502
274,17,10531,100,21,996,3,1,3,3,2,1,0,3230
275,18,11677,80,37,728,1,2,15,5,2,0,2,13603
276,18,19100,71,35,1315,22,7,10,7,7,6,2,11996
277,24,19191,44,38,322,7,1,8,8,0,7,7,5605
278,20,26767,84,26,1479,1,1,6,6,5,1,4,6397
279,14,15815,96,50,797,4,3,28,10,4,1,6,19144
280,16,21016,45,53,1070,3,3,21,5,3,1,3,17584
281,25,24532,99,42,635,1,1,20,20,16,11,6,4907
282,18,20260,44,29,442,2,1,10,10,7,0,9,4554
283,19,15972,37,55,147,20,3,12,10,7,0,8,5415
284,13,22722,60,26,496,11,1,5,5,3,3,3,4741
285,12,15881,42,37,1372,1,1,17,17,12,5,7,2115
286,22,19920,43,44,920,24,3,19,1,0,0,0,3161
287,14,18899,82,38,688,23,9,10,2,2,1,2,5745
288,13,14180,45,26,1449,16,2,5,3,2,0,2,2373
289,21,4488,66,28,1117,8,1,5,5,3,0,2,3310
290,11,25594,35,49,636,10,9,22,3,2,1,2,18665
291,12,26285,30,36,506,3,4,10,8,0,7,7,4485
292,11,3909,84,31,444,5,1,2,2,2,2,2,2789
293,12,8450,48,26,950,4,1,8,8,7,7,4,5828
294,12,11411,53,37,889,9,1,4,4,2,1,2,2326
295,14,14864,77,42,555,26,5,23,20,4,4,8,13525
296,13,25233,54,18,230,3,1,0,0,0,0,0,1420
297,15,5100,96,35,1232,16,0,12,11,9,6,9,8020
298,18,7122,81,36,566,18,4,4,1,0,0,0,3688
299,18,16321,84,51,1302,2,5,13,4,1,1,2,5482
300,19,15896,88,41,334,2,1,22,22,10,0,4,16015
301,12,9724,69,18,812,10,1,0,0,0,0,0,1200
302,19,4824,68,28,1476,16,0,9,8,3,0,7,5661
303,11,12241,100,31,218,7,4,10,8,7,7,7,6929
304,17,10942,48,39,1132,1,0,19,18,10,3,7,9613
305,15,6927,47,36,1105,24,7,11,9,8,0,8,5674
306,14,16985,91,32,906,7,1,13,13,8,4,8,5484
307,17,26707,81,38,849,25,3,19,10,8,0,1,12061
308,13,17056,32,58,390,1,2,12,5,3,1,2,5660
309,12,10077,86,31,691,5,0,6,5,2,0,3,4821
310,12,17822,62,31,106,2,3,9,2,2,1,0,6410
311,18,20308,97,45,1249,7,1,24,24,9,9,11,5210
312,18,7747,32,31,192,2,0,3,2,2,2,2,2695
313,11,23364,74,33,553,5,6,12,10,6,8,8,11878
314,14,5355,99,39,117,10,1,21,21,9,11,10,17068
315,19,10675,33,43,185,10,0,9,8,7,1,7,2455
316,12,17810,90,49,1091,1,7,25,7,1,0,7,13964
317,15,17747,85,52,723,8,2,11,8,2,7,7,4941
318,12,20938,85,27,1220,5,1,4,4,3,1,2,2478
319,11,24624,65,32,588,8,1,13,13,12,11,9,5228
320,11,5242,74,27,1377,2,1,5,5,4,0,4,4478
321,12,7143,73,31,691,7,4,13,7,7,1,7,7547
322,16,10557,74,32,1018,2,7,10,7,7,0,7,5055
323,13,24737,84,28,1157,2,5,5,3,2,2,2,3464
324,13,11934,64,30,1275,28,1,11,10,8,1,9,5775
325,24,14034,48,31,798,7,1,10,10,9,8,9,8943
326,15,21141,54,39,672,7,1,21,21,9,13,3,19272
327,18,17778,41,39,1162,3,4,12,1,0,0,0,5238
328,14,4317,46,33,508,10,3,9,7,7,0,1,4682
329,11,16375,42,47,1482,5,4,21,3,2,1,1,18300
330,11,6227,82,43,559,10,1,9,9,7,0,0,5257
331,13,22107,73,27,210,1,0,6,5,4,1,4,6349
332,12,16885,31,54,928,20,3,20,4,3,0,3,4869
333,16,9262,43,43,1001,7,8,10,1,0,0,0,9985
334,14,9278,75,45,549,8,9,12,10,9,9,8,3697
335,22,13273,57,40,1124,1,2,6,4,3,0,2,7457
336,11,4759,77,29,318,8,1,7,7,7,0,7,2119
337,17,7621,30,29,738,9,0,4,3,2,2,2,3983
338,13,5431,30,30,570,5,1,10,10,9,1,2,6118
339,18,3415,56,27,1130,8,1,8,8,7,0,7,6214
340,16,23177,61,37,1192,5,7,8,6,2,0,4,6347
341,14,15682,92,38,343,15,0,12,11,10,2,9,11510
342,14,25713,39,31,1232,7,1,11,11,9,4,10,7143
343,14,11866,39,29,144,10,1,7,7,7,1,7,8268
344,13,18264,62,35,1296,5,0,17,16,6,0,13,8095
345,12,16092,83,23,1309,26,1,4,4,2,0,2,2904
346,15,10110,95,41,483,6,6,8,5,4,1,2,6032
347,19,25751,99,47,1309,4,3,5,0,0,0,0,2976
348,14,15901,44,42,810,23,2,16,1,0,0,0,15992
349,14,16928,61,29,746,2,1,4,4,3,0,2,4649
350,11,24017,52,42,544,2,0,4,3,2,1,0,2696
351,13,3956,75,32,1062,2,1,8,8,0,0,7,2370
352,21,23978,91,48,530,29,3,15,0,0,0,0,12504
353,13,17001,51,37,1319,6,4,13,7,7,6,7,5974
354,12,6069,85,30,641,25,7,4,2,2,2,2,4736
355,17,20156,57,26,933,1,1,8,8,7,7,7,5296
356,23,17078,98,42,1332,2,3,14,1,0,0,0,6781
357,11,9150,99,21,756,1,1,3,3,2,1,2,2174
358,15,15276,45,36,845,1,4,7,1,0,0,0,6653
359,11,7246,48,36,541,3,4,16,13,9,1,12,9699
360,11,2967,88,57,593,1,2,15,3,2,1,2,6755
361,13,22495,46,40,1171,10,3,10,7,7,1,7,2213
362,24,2851,39,21,895,9,1,3,3,2,2,2,2610
363,13,9150,34,33,350,5,1,1,1,0,0,0,2851
364,20,17663,98,37,921,10,6,17,5,4,0,3,3452
365,14,16044,30,46,1144,7,2,7,1,0,0,0,5258
366,18,9558,56,41,143,4,1,8,8,7,7,7,9355
367,15,2755,100,50,1046,10,6,20,4,3,1,3,10496
368,12,6110,68,40,575,22,2,8,6,4,1,0,6380
369,16,7551,42,31,408,9,0,3,2,2,2,2,2657
370,15,25422,90,21,156,12,1,1,1,0,0,0,2716
371,16,18168,54,29,1283,23,9,6,3,2,1,2,2201
372,19,19394,97,35,755,9,9,10,1,1,0,0,6540
373,11,17881,82,27,1469,1,1,5,5,2,0,4,3816
374,16,20750,92,28,304,9,1,7,7,5,0,7,5253
375,24,12066,31,49,1261,7,8,26,5,2,0,0,10965
376,11,14862,87,51,1178,14,4,18,7,7,0,7,4936
377,13,11868,96,36,329,2,4,6,2,2,2,2,2543
378,13,4652,67,34,1362,19,8,9,5,2,0,4,5304
379,13,23258,97,55,1311,2,2,30,5,4,1,2,16659
380,12,5915,77,24,1371,10,1,5,5,2,0,3,4260
381,18,17434,72,30,202,2,1,1,1,0,0,0,2476
382,22,6582,73,26,575,3,0,7,6,4,0,4,3102
383,13,24440,43,22,253,11,1,2,2,1,1,2,2244
384,13,3809,61,36,164,2,1,10,10,9,9,0,7596
385,23,3427,40,30,464,4,9,3,1,0,0,0,2285
386,12,26914,95,37,1107,14,1,18,18,7,12,17,3034
387,12,22553,46,40,759,2,7,8,5,4,1,3,5715
388,16,20490,95,42,201,1,3,8,5,2,1,2,2576
389,12,21123,49,37,1305,10,2,18,1,0,0,1,4197
390,11,4345,59,43,982,12,1,25,25,10,3,9,14336
391,22,13436,78,40,555,2,6,20,1,0,0,0,3448
392,11,8509,86,54,821,5,4,24,4,2,1,2,19406
393,15,12740,72,34,1381,4,9,6,3,2,1,2,6538
394,12,4156,31,31,480,7,1,13,13,10,3,12,4306
395,20,15238,61,43,313,21,7,8,3,2,1,2,2258
396,14,2227,74,43,1473,8,4,8,5,2,0,2,4522
397,11,12090,99,25,891,4,1,5,5,4,1,3,4487
398,15,23866,72,37,1063,25,3,15,13,11,10,7,4449
399,12,16193,98,31,329,1,1,4,4,2,3,2,2218
400,14,8213,52,39,1218,1,1,21,21,8,1,6,19197
401,11,18256,86,56,906,6,9,36,7,7,7,7,13212
402,11,19558,83,30,1082,12,0,6,5,4,4,4,6577
403,16,19566,49,41,645,1,1,10,10,7,0,7,8392
404,12,13535,79,28,1300,17,1,10,10,0,1,8,4558
405,13,9396,91,25,688,3,5,6,2,2,0,2,4031
406,14,19609,39,52,319,3,2,28,5,4,0,4,7969
407,21,9655,69,45,192,10,3,8,2,2,0,2,2654
408,13,10310,30,52,1490,4,2,31,5,2,1,4,16555
409,11,12932,92,42,532,29,2,19,5,4,0,2,4556
410,20,24793,43,30,317,2,2,11,5,4,0,2,6091
411,11,3854,41,60,422,7,5,33,29,8,11,10,19566
412,14,26314,87,46,1485,18,2,19,10,7,0,8,4810
413,11,4386,88,42,1368,28,0,7,6,5,0,4,4523
414,16,21972,62,24,1448,1,1,6,5,3,1,4,3202
415,16,12253,33,34,296,6,0,3,2,2,1,0,2351
416,23,12106,42,38,1490,2,1,1,1,0,0,0,1702
417,14,13022,79,40,1398,2,0,21,20,15,1,12,18041
418,22,3032,90,26,1349,23,1,3,3,2,0,2,2886
419,15,16734,53,30,1400,3,4,9,5,3,1,4,2097
420,18,21526,93,29,986,3,1,10,10,2,0,7,11935
421,16,18300,71,29,408,25,5,6,2,2,1,1,2546
422,12,18437,52,19,489,2,1,1,1,0,0,0,2564
423,11,2890,69,30,1398,22,0,10,9,8,7,8,8412
424,12,22102,56,57,210,29,3,32,1,0,0,0,14118
425,15,9314,88,50,1099,29,0,28,27,10,15,7,17046
426,14,7181,49,30,1116,2,0,12,11,7,6,7,2564
427,19,2845,80,60,1499,28,4,22,18,13,13,11,10266
428,13,7389,65,47,983,2,5,20,5,0,0,4,5070
429,13,2288,51,46,1009,2,6,26,3,2,0,1,17861
430,15,19225,46,35,144,22,0,6,5,4,4,3,4230
431,11,23428,42,54,548,8,7,19,1,0,0,0,3780
432,12,8416,62,34,1303,2,3,14,7,3,5,7,2768
433,19,11563,94,46,1125,10,2,15,3,2,1,2,9071
434,25,14394,33,31,1274,9,1,13,13,8,0,8,10648
435,12,24619,56,33,1277,15,7,15,7,6,7,7,13610
436,13,6705,38,33,587,10,7,8,4,3,1,3,3408
437,14,18398,57,30,413,7,0,4,3,2,1,2,2983
438,12,14295,72,35,1276,16,4,10,8,7,0,0,7632
439,12,22908,66,31,534,20,3,12,1,0,0,0,9824
440,15,11533,43,34,988,23,9,11,3,2,0,2,9950
441,17,9260,97,42,1474,5,4,8,2,2,2,0,2093
442,14,15318,32,36,635,10,1,10,10,3,9,7,9980
443,16,9129,99,22,1368,4,5,4,2,2,1,2,3894
444,14,19658,37,48,163,2,2,14,9,7,6,7,4051
445,23,9873,83,55,1117,18,3,37,10,9,7,7,16835
446,14,13430,56,41,267,10,7,16,14,3,1,10,6230
447,11,18659,85,35,619,1,9,15,11,9,6,9,4717
448,15,20364,75,40,302,6,7,22,20,6,5,13,13237
449,11,17872,48,39,443,8,1,8,8,3,0,7,3755
450,13,8346,77,31,828,2,4,10,6,5,0,5,6582
451,21,6950,56,42,319,24,1,10,10,9,5,8,7406
452,19,16177,61,45,561,2,0,9,8,7,3,7,4805
453,11,22808,58,26,426,17,0,8,7,7,1,0,2741
454,12,22645,34,29,232,19,4,8,3,2,1,2,4262
455,19,22578,95,33,922,1,4,10,6,1,0,5,16184
456,21,25291,44,31,688,7,9,10,5,4,0,1,11557
457,14,8059,69,18,1306,5,1,0,0,0,0,0,1878
458,15,11373,58,40,1094,28,3,20,1,0,0,1,10932
459,17,2112,62,41,509,2,2,10,8,7,0,7,6811
460,12,4267,45,26,775,29,5,8,0,0,0,0,4306
461,16,6698,80,35,195,1,1,5,5,4,0,3,4859
462,12,19921,74,34,258,21,1,10,10,7,5,7,5337
463,18,23213,66,26,471,24,1,1,1,0,0,0,2340
464,17,23848,59,37,799,1,4,12,6,5,1,2,7491
465,11,8984,86,46,1034,18,5,28,2,2,1,2,10527
466,16,5626,91,41,1276,2,7,22,18,16,11,8,16595
467,13,24666,69,37,142,9,1,9,9,5,7,7,8834
468,12,22087,78,52,956,6,3,18,10,9,6,9,5577
469,12,23914,60,32,1474,11,8,6,4,2,1,2,4707
470,13,5530,38,24,535,24,0,3,2,2,2,1,2400
471,19,22174,76,38,1495,10,3,18,1,0,0,0,9824
472,12,15701,65,37,446,1,6,8,6,5,4,3,6447
473,17,2125,58,49,1245,18,1,31,31,9,0,9,19502
474,11,21630,89,24,691,23,1,6,6,5,1,4,2725
475,20,7428,66,26,703,28,1,6,5,3,1,4,6272
476,21,9100,94,24,823,17,1,1,1,0,0,0,2127
477,11,7999,99,50,1246,3,1,32,32,5,10,7,18200
478,11,26376,40,25,622,13,1,7,7,4,0,6,2096
479,16,14168,55,24,1287,7,1,6,6,3,1,2,2886
480,18,14470,74,30,448,12,1,1,1,0,0,0,2033
481,13,22794,83,34,254,1,1,6,6,5,1,3,3622
482,17,11512,46,31,1365,13,2,9,3,1,1,2,4233
483,14,14004,54,35,538,25,4,9,3,2,0,2,3681
484,22,6219,66,31,525,6,4,13,7,7,5,7,5460
485,12,5013,66,27,798,6,0,6,5,3,0,3,2187
486,11,3010,75,37,558,2,4,17,3,0,1,0,9602
487,13,11757,83,20,959,1,1,1,1,0,0,0,2836
488,13,5718,81,42,622,2,1,10,10,2,2,2,4089
489,14,2671,50,43,782,6,4,21,1,0,0,0,16627
490,17,14561,43,38,362,1,3,8,0,0,0,0,2619
491,13,19627,72,43,1001,9,3,10,8,7,4,7,5679
492,11,17997,40,48,1236,1,7,21,3,2,0,2,15402
493,11,26894,50,44,1112,1,4,10,2,2,0,2,5985
494,18,2912,31,34,204,14,1,8,8,2,0,6,2579
495,11,16346,85,27,1420,2,0,5,4,3,0,2,3041
496,11,24444,49,21,1343,22,1,3,3,2,1,2,3447
497,12,9358,35,44,1315,3,4,26,2,2,0,1,19513
498,20,12145,69,22,604,6,0,3,2,2,2,2,2773
499,12,20431,39,33,1216,8,0,6,5,0,1,2,7104
500,12,18089,92,32,646,9,1,6,6,4,0,5,6322
501,20,22653,71,30,160,3,1,1,1,0,0,0,2083
502,20,7507,34,53,238,1,7,18,14,7,8,10,8381
503,12,7660,42,34,1397,1,1,10,10,9,8,8,2691
504,14,5630,100,45,306,26,2,5,1,1,0,0,4286
505,13,17759,71,26,991,6,1,3,3,2,0,2,2659
506,15,9606,36,37,482,3,1,10,10,7,7,8,9434
507,14,3487,62,29,1176,3,1,6,6,0,1,2,5561
508,13,19368,82,35,1017,6,1,17,17,11,11,8,6646
509,23,5335,30,33,1296,6,3,15,13,11,4,7,7725
510,15,6729,88,54,397,19,2,16,9,7,7,1,10725
511,11,13934,48,36,913,9,2,13,3,2,0,2,8847
512,13,15174,54,27,1115,3,0,5,4,2,1,1,2045
513,11,26999,32,20,1362,10,1,1,1,0,1,1,1009
514,11,3164,70,33,1076,3,1,10,10,8,9,7,3348
515,18,16900,41,35,727,3,1,1,1,0,0,0,1281
516,16,8544,58,23,885,4,2,5,3,2,0,2,2819
517,22,15678,57,25,810,8,0,4,3,2,1,2,4851
518,20,7791,46,38,243,7,0,8,7,7,0,5,4028
519,18,18959,76,29,806,1,1,10,10,7,2,8,2720
520,12,18597,56,48,817,2,3,12,2,2,2,2,8120
521,20,16673,71,27,1410,3,1,6,6,5,0,4,4647
522,17,15232,80,37,1225,10,3,4,1,0,0,0,4680
523,11,3297,74,50,1207,28,1,20,20,8,3,8,3221
524,14,17654,46,34,1442,9,1,9,8,7,7,7,8621
525,14,24785,65,24,693,3,9,4,2,2,2,0,4577
526,11,20978,80,39,408,2,1,20,20,7,11,10,4553
527,12,21703,55,32,929,10,1,10,10,7,0,8,5396
528,14,23452,50,50,562,8,3,18,4,3,1,3,6796
529,13,19383,33,38,827,1,0,10,9,7,1,8,7625
530,11,6009,68,27,608,1,1,9,9,7,0,7,7412
531,15,19373,39,32,1018,3,3,10,7,7,7,7,11159
532,12,11825,42,47,703,14,2,20,7,7,1,7,4960
533,21,23772,48,40,580,5,5,20,18,13,1,12,10475
534,19,13514,59,53,970,7,3,32,5,1,1,3,14814
535,15,8861,73,41,427,10,3,23,21,6,12,6,19141
536,14,11924,84,60,1179,16,8,10,2,2,2,2,5405
537,21,4809,32,27,294,10,1,9,9,7,1,7,8793
538,12,19562,59,41,314,1,1,22,22,7,2,10,19189
539,15,9983,54,50,316,8,7,4,2,2,2,2,3875
540,13,3872,67,28,654,1,7,10,7,7,3,7,2216
541,14,20335,63,36,427,8,9,10,8,7,0,5,11713
542,14,15397,81,38,168,1,4,10,1,0,0,0,7861
543,14,2104,49,44,381,24,2,9,5,2,1,4,3708
544,12,10225,49,47,217,3,9,28,22,2,11,13,13770
545,23,25275,99,30,501,27,7,10,8,7,7,7,5304
546,11,2755,99,29,1396,10,1,1,1,0,0,0,2642
547,12,20366,57,42,933,19,6,7,2,2,2,2,2759
548,18,23683,47,43,775,15,3,7,2,2,2,2,6804
549,11,7360,96,34,970,8,3,10,5,1,4,3,6142
550,14,4344,37,23,650,9,1,5,4,3,0,2,2500
551,15,18767,44,39,141,3,9,12,8,3,3,6,6389
552,11,20420,81,56,832,9,7,30,10,7,1,1,11103
553,20,22929,86,40,804,2,0,5,4,2,2,3,2342
554,19,23398,55,27,975,7,8,9,7,6,0,7,6811
555,14,17967,83,29,1090,10,1,2,2,2,2,2,2297
556,17,10919,86,53,346,6,2,19,2,2,2,2,2450
557,11,4761,61,35,1225,2,2,16,1,0,0,0,5093
558,15,21146,80,32,430,24,1,10,10,8,4,7,5309
559,13,20471,92,38,268,2,6,6,1,0,0,1,3057
560,14,4187,32,34,167,8,3,7,0,0,0,0,5121
561,11,10084,31,52,621,3,1,34,34,6,1,16,16856
562,13,5207,63,33,527,1,1,10,10,9,7,8,2686
563,23,22807,32,25,883,26,1,6,6,5,1,4,6180
564,13,12388,46,45,954,2,0,9,8,7,3,1,6632
565,18,19630,79,23,310,10,1,2,2,2,0,2,3505
566,12,10339,77,47,719,27,4,8,5,4,1,3,6397
567,22,18686,60,34,304,2,1,6,6,5,1,4,6274
568,13,21199,78,55,725,2,5,24,5,2,1,4,19859
569,15,14229,76,36,1434,8,1,10,10,7,0,9,7587
570,18,26589,41,52,715,19,0,5,4,3,1,2,4258
571,14,5288,71,26,575,1,3,5,2,2,2,0,4364
572,12,25549,66,29,657,27,4,11,8,7,1,1,4335
573,17,3064,38,26,1146,8,6,6,4,3,1,2,5326
574,16,13551,72,34,182,1,2,10,4,2,1,3,3280
575,11,22670,95,54,376,19,9,9,5,3,1,4,5485
576,19,24008,84,27,829,8,0,5,4,2,1,1,4342
577,13,19905,82,37,571,10,0,6,5,3,4,3,2782
578,12,26085,75,38,240,2,6,17,15,7,4,12,5980
579,11,7530,86,34,121,2,1,6,6,5,1,3,4381
580,16,20317,72,35,384,8,1,3,3,2,0,2,2572
581,21,24375,38,30,921,1,3,7,2,2,0,2,3833
582,24,9931,38,40,791,2,1,8,8,7,3,7,4244
583,17,13305,93,34,1111,8,5,6,3,2,1,2,6500
584,13,16225,66,42,570,8,1,24,24,7,14,9,18430
585,21,3445,63,23,1243,6,1,1,0,0,0,0,1601
586,11,26551,60,24,1092,9,1,1,1,0,0,0,2694
587,20,21821,82,52,1325,11,8,9,5,2,1,4,3149
588,16,6881,64,50,691,2,5,30,4,3,0,3,17639
589,11,6689,36,29,805,1,1,1,1,0,0,0,2319
590,11,25995,49,33,213,7,0,14,13,9,3,7,11691
591,15,26507,69,33,118,16,5,6,3,2,0,2,5324
592,11,12982,33,47,202,2,1,26,26,14,3,0,16752
593,15,23361,35,36,676,1,0,10,9,7,0,5,5228
594,24,23779,81,29,1252,23,1,10,10,7,0,7,2700
595,12,25761,31,58,286,2,7,40,31,15,13,8,19246
596,13,13301,40,35,1258,1,3,7,2,2,2,2,2506
597,13,4051,43,42,932,1,9,8,4,3,0,2,6062
598,17,16374,46,28,890,2,6,5,2,2,2,1,4382
599,13,25527,36,36,1041,13,4,8,5,2,0,4,2143
600,12,19124,98,32,859,4,1,14,14,13,6,8,6162
601,14,11983,51,40,720,16,6,10,1,0,0,0,5094
602,24,20234,52,30,946,2,5,12,0,0,0,0,6877
603,14,6153,95,45,252,2,1,1,1,0,0,0,2274
604,13,11806,98,42,933,29,1,10,9,8,7,8,4434
605,15,4284,45,38,471,12,2,13,4,3,1,2,6288
606,16,8306,100,34,702,16,1,6,5,2,1,3,2553
607,18,5860,43,49,1184,11,1,9,9,8,7,7,7654
608,16,21519,37,55,436,2,4,12,9,7,7,3,5160
609,24,5200,94,43,589,14,6,22,4,1,1,0,17159
610,16,8842,42,27,269,5,1,9,9,8,0,8,12808
611,21,18869,59,35,950,7,3,17,8,5,1,6,10221
612,20,3698,81,28,760,2,1,8,8,7,7,5,4779
613,19,2243,88,34,829,3,0,4,3,2,0,2,3737
614,14,20898,88,26,887,5,1,8,8,7,1,7,2366
615,11,16571,50,27,443,3,1,0,0,0,0,0,1706
616,14,5594,66,51,1318,26,2,29,20,6,4,17,16307
617,12,5197,50,44,625,4,9,10,5,2,2,3,5933
618,13,21632,65,25,180,2,7,6,4,3,0,1,3424
619,22,21816,48,33,586,1,1,9,9,8,0,8,4037
620,11,17852,53,35,1343,27,1,6,6,5,1,1,2559
621,14,2823,56,36,928,1,1,18,18,14,4,11,6201
622,11,9250,73,32,117,13,2,8,5,2,0,3,4403
623,12,2373,75,30,1012,5,9,10,5,4,0,3,3761
624,18,20715,78,53,661,7,7,35,5,2,0,4,10934
625,12,19239,74,45,930,9,4,18,5,4,0,2,10761
626,12,22162,91,32,638,8,5,9,5,3,1,3,5175
627,22,19028,81,52,890,25,3,31,9,8,0,0,13826
628,19,24558,66,37,342,16,4,9,1,0,0,0,6334
629,13,23965,63,28,1169,8,1,6,5,1,0,4,4936
630,22,19146,33,22,1230,1,6,4,2,2,2,2,4775
631,24,5044,62,44,986,8,2,10,3,2,0,2,2818
632,14,9068,35,42,1271,2,5,8,2,1,2,2,2515
633,21,8635,77,36,1278,8,0,6,5,4,0,3,2342
634,18,14363,98,25,141,3,1,5,5,3,0,3,4194
635,20,23457,66,35,607,9,1,17,17,14,5,15,10685
636,19,16612,96,35,130,25,1,10,10,2,7,8,2022
637,12,9148,61,32,300,1,0,4,3,0,0,2,2314
638,12,18154,87,25,583,4,1,5,5,2,0,3,4256
639,16,10554,36,49,1418,1,2,7,4,2,0,2,3580
640,17,10778,46,24,1269,4,0,6,5,2,3,4,3162
641,14,8891,48,32,379,5,1,10,10,8,5,3,6524
642,19,12102,98,38,395,9,0,3,2,2,1,2,2899
643,13,23726,95,42,1265,3,2,17,5,3,1,3,5231
644,19,14871,48,31,1222,11,3,8,6,4,0,2,2356
645,19,23522,48,29,341,1,6,5,3,2,0,2,2800
646,14,22789,73,53,868,8,5,28,2,0,2,2,11836
647,16,9129,78,35,672,25,3,16,13,10,4,8,10903
648,15,21222,54,37,1231,21,5,10,5,4,0,0,2973
649,18,20206,72,53,102,23,6,33,12,9,3,8,14275
650,13,21782,33,43,422,1,4,12,5,2,2,2,5562
651,22,17783,35,47,249,2,0,8,7,6,7,7,4537
652,13,4814,32,37,1252,19,1,10,10,0,0,9,7642
653,11,4544,98,50,881,2,1,31,31,6,14,7,17924
654,11,7790,42,39,1383,2,8,13,5,4,0,4,5204
655,11,22650,57,33,1075,3,3,7,4,3,0,3,2277
656,24,18016,87,32,374,25,1,1,1,0,0,1,2795
657,14,6054,62,29,1086,7,6,8,4,3,0,3,2532
658,13,7508,61,44,661,9,1,8,8,7,7,1,2559
659,14,24252,98,28,821,5,1,4,4,2,0,2,4908
660,14,13384,57,58,781,2,9,3,1,0,0,0,2380
661,21,23814,55,43,177,8,4,4,1,0,0,0,4765
662,13,22052,49,20,500,2,1,2,2,2,0,2,2044
663,19,8870,65,21,1427,18,1,1,1,0,0,0,2693
664,17,4821,68,36,1425,14,0,17,16,8,4,11,6586
665,18,13137,65,47,1454,2,1,3,3,2,1,2,3294
666,19,10022,34,22,617,3,0,4,3,2,0,2,4171
667,13,17725,57,41,1085,2,4,10,7,7,1,0,2778
668,18,9834,77,28,995,9,5,6,2,2,2,2,2377
669,21,4303,70,39,1122,6,7,8,2,2,2,2,2404
670,19,17808,76,27,618,4,1,1,1,1,0,0,2318
671,14,6896,83,34,546,10,1,1,1,0,1,0,2008
672,17,7824,68,42,462,14,7,10,5,4,0,3,6244
673,11,3339,100,33,1198,1,3,6,3,2,0,2,2799
674,13,9255,37,58,1272,5,2,24,6,0,0,4,10552
675,15,11737,41,31,154,7,3,13,7,7,5,2,2329
676,25,19170,51,35,1137,21,1,10,10,6,0,7,4014
677,11,22477,51,49,527,8,4,29,26,9,1,7,7403
678,17,5543,51,48,1469,20,4,13,0,0,0,0,2259
679,13,24406,45,31,1188,20,1,9,9,8,0,0,6932
680,18,23293,65,36,188,7,2,8,6,2,0,1,4678
681,13,16292,80,38,1333,1,1,15,15,12,5,11,13582
682,20,3974,70,32,1184,1,6,5,3,0,0,2,2332
683,18,18798,36,25,867,19,1,1,1,0,0,0,2413
684,12,20652,67,40,658,10,2,11,1,0,0,0,9705
685,12,11148,52,26,1283,1,1,7,7,7,0,7,4294
686,13,3119,59,41,263,6,2,20,18,13,2,17,4721
687,21,12287,79,36,938,2,4,16,11,8,3,9,2519
688,13,9947,37,19,419,21,1,1,1,0,0,0,2121
689,19,13008,84,20,129,4,1,1,1,0,0,0,2973
690,11,17369,41,31,616,12,0,10,9,7,8,5,5855
691,14,25063,35,40,1469,9,8,3,1,1,0,0,3617
692,12,13554,93,32,498,3,1,8,8,7,6,3,6725
693,11,5518,51,36,530,3,1,16,16,7,3,7,10325
694,14,12291,42,33,1069,1,0,6,5,0,1,4,6949
695,11,14922,46,37,625,1,5,17,14,1,11,7,10609
696,12,23163,57,45,805,4,1,9,9,7,0,8,4447
697,15,18203,84,29,1404,20,1,3,3,1,0,2,2157
698,16,6179,86,35,1219,18,1,5,5,2,1,0,4601
699,15,13829,70,52,1053,1,2,26,9,8,7,8,17099
700,24,26227,51,58,289,2,4,7,1,0,0,0,2479
701,13,13938,45,53,1376,2,6,22,17,13,15,2,14852
702,11,9977,62,30,231,8,5,10,8,4,7,7,7264
703,13,19899,85,38,152,10,1,6,5,3,1,3,5666
704,13,6812,92,35,882,3,6,12,10,9,0,8,7823
705,18,2560,41,39,903,2,0,9,8,7,0,7,7880
706,16,17071,100,40,1479,24,4,22,1,0,0,0,13194
707,19,6759,64,47,1379,16,1,20,19,10,2,7,5067
708,13,25952,84,36,1229,8,4,12,7,7,0,7,5079
709,22,10322,46,31,335,9,0,4,3,2,1,2,2321
710,11,20489,38,33,722,17,1,10,10,8,6,0,17444
711,20,11479,92,29,906,10,6,3,0,0,0,0,2404
712,18,17241,53,33,461,13,3,5,3,2,0,2,3452
713,14,11005,91,45,974,1,3,8,5,3,0,2,2270
714,22,6615,66,50,1126,1,9,32,5,4,1,3,17399
715,13,20161,84,33,827,1,1,6,6,5,1,2,5488
716,17,3735,64,41,840,9,2,21,18,16,0,11,19419
717,14,12086,37,27,1134,16,9,4,2,2,2,2,2811
718,15,14039,42,45,248,23,1,9,9,8,0,8,3633
719,17,8571,83,47,955,4,1,9,9,0,0,7,4163
720,11,11539,48,30,138,22,4,7,5,2,0,1,2132
721,18,4161,95,50,939,24,3,22,12,11,1,5,13973
722,17,12127,66,38,1391,10,0,3,2,1,0,2,2684
723,13,24208,75,46,566,7,6,13,8,7,0,7,10845
724,15,24117,41,24,1206,17,1,5,4,2,3,2,4377
725,24,10074,39,35,622,14,1,5,4,2,0,2,3743
726,12,11275,96,31,853,1,1,4,4,3,0,3,4148
727,15,13493,73,18,287,5,1,0,0,0,0,0,1051
728,11,13943,56,54,1441,17,8,22,10,7,0,8,10739
729,11,6975,57,35,583,25,1,16,16,10,10,1,10388
730,12,17802,73,30,153,8,0,9,8,7,1,7,11416
731,15,18275,98,20,1097,11,1,1,1,0,0,0,2600
732,17,25725,60,30,109,5,0,4,3,2,1,2,2422
733,12,3334,32,26,1066,2,1,8,8,7,1,3,5472
734,15,6881,94,22,217,8,1,4,4,3,1,1,2451
735,13,13119,97,48,277,6,2,19,2,2,2,2,4240
736,14,22245,78,48,1355,4,7,27,15,11,4,8,10999
737,14,23371,42,41,549,7,6,8,2,2,2,1,5003
738,16,7060,65,39,466,1,1,21,21,6,11,8,12742
739,18,4658,47,27,1055,2,0,4,3,2,2,2,4227
740,20,9541,45,35,802,10,1,3,3,2,1,2,3917
741,13,7770,90,42,265,5,6,21,1,0,0,0,18303
742,18,20165,64,50,804,9,4,8,1,0,0,0,2380
743,13,21829,69,59,715,2,3,30,5,3,4,3,13726
744,15,14382,61,37,1141,11,5,15,1,0,0,0,4777
745,14,12992,62,55,135,18,3,17,8,7,6,7,6385
746,22,20284,55,41,247,7,1,21,21,16,5,10,19973
747,12,4981,42,38,1035,3,8,19,1,0,0,0,6861
748,18,21813,79,26,265,29,8,7,2,2,2,2,4969
749,15,25846,57,52,266,2,1,33,32,14,6,9,19845
750,18,11737,53,44,1448,28,3,23,12,11,11,11,13320
751,12,24920,95,50,145,1,0,19,18,7,0,13,6347
752,16,8269,43,36,885,16,1,18,17,13,15,14,2743
753,13,5083,82,39,945,22,1,21,21,6,2,8,10880
754,19,21437,88,33,1038,8,0,3,2,2,2,2,2342
755,13,5404,90,45,1234,11,3,26,9,3,1,1,17650
756,12,11135,69,32,1109,29,9,10,8,7,7,7,4025
757,11,12278,75,34,216,1,0,16,15,1,0,9,9725
758,14,11038,66,59,1089,1,3,14,6,4,0,4,11904
759,16,8318,36,45,788,24,1,6,6,3,0,4,2177
760,12,23537,38,53,124,2,2,30,15,7,6,12,7525
761,14,7858,81,36,660,15,7,9,1,0,0,0,4834
762,14,15346,57,26,342,2,6,6,3,2,1,2,2042
763,19,18410,87,34,1333,10,1,1,1,1,0,0,2220
764,22,23384,74,28,1144,10,1,1,1,0,0,0,1052
765,16,2997,44,38,1186,3,3,8,2,2,2,2,2821
766,11,12853,62,50,1464,2,2,29,8,1,7,7,19237
767,15,13848,35,37,124,3,3,8,4,3,0,1,4107
768,14,22217,74,40,300,26,1,8,7,7,7,5,8396
769,13,25265,66,26,921,1,1,5,5,3,1,3,2007
770,17,21445,40,46,430,1,9,23,2,2,2,2,19627
771,11,8392,41,54,1082,2,6,13,9,4,7,0,10686
772,19,12154,63,56,1240,9,2,18,5,4,0,3,2942
773,11,15669,51,36,796,12,0,15,14,8,7,8,8858
774,15,17323,40,55,444,2,7,31,9,7,6,2,16756
775,13,5268,79,43,415,25,5,18,1,0,0,0,10798
776,14,17205,54,20,769,9,1,2,2,2,0,2,2323
777,13,17258,36,21,1334,10,1,1,1,0,1,0,1416
778,23,21029,74,46,1003,8,8,19,16,13,1,7,4615
779,12,10332,34,51,1323,4,9,18,10,0,2,7,2461
780,12,12355,72,28,1366,24,1,10,10,7,1,9,8722
781,16,11141,59,26,192,1,1,6,5,3,1,3,3955
782,15,9096,85,30,1176,20,0,7,6,2,0,2,9957
783,13,18863,43,41,509,7,1,10,10,6,0,8,3376
784,18,24608,65,38,330,17,0,20,19,9,1,9,8823
785,20,26542,61,40,1492,20,4,14,11,10,11,1,10322
786,19,5869,87,27,1277,8,1,3,3,2,1,2,4621
787,18,15813,65,55,1091,2,3,23,3,2,1,2,10976
788,13,7909,59,28,857,10,3,10,8,7,1,7,3660
789,14,2326,91,44,1376,1,9,24,20,6,3,6,10482
790,15,21214,34,33,654,5,4,9,3,2,1,2,7119
791,22,10333,86,35,1204,4,0,9,8,7,4,7,9582
792,22,3129,54,33,827,29,1,14,13,7,3,8,4508
793,16,22482,50,28,895,15,1,4,4,2,2,2,2207
794,17,22266,45,34,618,3,0,7,6,2,0,4,7756
795,14,24223,88,37,309,10,2,8,1,0,0,0,6694
796,15,4605,32,25,1219,4,1,7,7,7,5,6,3691
797,20,19373,37,26,1330,21,1,1,1,1,0,0,2377
798,20,2993,55,33,1017,25,4,5,2,2,2,2,2313
799,17,14399,35,42,469,2,0,23,22,6,13,7,17665
800,15,7160,45,28,1009,1,1,1,1,0,0,0,2596
801,14,17251,81,50,959,1,3,5,0,0,0,0,4728
802,17,13401,30,33,970,7,0,4,3,2,0,2,4302
803,17,22478,40,34,697,3,3,6,0,0,0,0,2979
804,22,16154,35,48,1262,1,2,27,5,4,2,1,16885
805,13,17970,65,45,1050,9,1,15,15,10,4,12,5593
806,19,15322,87,52,994,7,7,18,8,6,4,0,10445
807,14,5569,73,38,770,10,0,9,8,7,2,7,8740
808,22,26968,93,29,1107,28,4,11,7,5,1,7,2514
809,17,8039,93,28,950,3,0,10,9,7,1,7,7655
810,12,15596,52,46,406,3,3,23,12,9,4,9,17465
811,16,20619,32,38,130,2,7,10,1,0,0,0,7351
812,11,11535,83,43,1082,27,8,18,8,7,0,1,10820
813,11,13547,84,39,203,2,7,21,18,7,11,5,12169
814,14,17544,44,40,1308,14,1,21,20,7,4,9,19626
815,11,25326,70,21,984,1,1,2,2,2,2,2,2070
816,15,8770,70,39,439,9,9,9,5,4,0,3,6782
817,20,23238,78,36,217,18,2,18,11,9,0,9,7779
818,12,21981,67,31,793,20,0,3,2,2,2,2,2791
819,17,19911,67,28,1451,2,0,6,5,3,0,4,3201
820,11,18500,54,35,1182,11,1,5,5,2,0,2,4968
821,17,11879,56,49,174,8,6,22,9,8,2,3,13120
822,11,15834,95,34,1003,2,2,5,3,2,0,2,4033
823,14,17940,61,29,490,10,0,8,7,5,1,1,3291
824,19,9558,56,42,188,29,4,16,1,0,0,0,4272
825,15,17689,79,29,718,8,1,10,10,7,1,2,5056
826,13,6004,37,38,433,1,1,7,7,6,5,0,2844
827,14,22088,39,28,773,6,1,3,3,1,0,2,2703
828,12,13556,80,18,247,8,1,0,0,0,0,0,1904
829,17,18385,77,33,603,9,0,6,5,2,0,3,8224
830,11,9051,46,41,167,12,3,6,1,0,0,0,4766
831,12,6233,72,31,874,15,1,2,2,2,2,2,2610
832,13,17171,52,37,367,25,7,9,6,2,1,3,5731
833,13,7950,55,27,199,6,1,4,4,2,2,2,2539
834,20,5829,70,34,1400,9,1,6,6,5,1,3,5714
835,17,7108,100,35,528,8,1,6,5,4,1,4,4323
836,13,11162,45,29,408,23,1,11,11,8,3,10,7336
837,17,13782,88,40,593,9,9,20,18,7,2,13,13499
838,12,2447,44,42,481,12,0,22,21,9,13,14,13758
839,13,2253,45,42,647,4,7,9,6,4,1,5,5155
840,12,16340,58,35,982,1,6,10,8,0,1,7,2258
841,22,6409,49,24,477,24,8,6,4,3,1,2,3597
842,11,22955,79,28,1485,12,1,1,1,1,0,0,2515
843,22,13421,82,26,1384,3,1,8,8,7,0,7,4420
844,18,2706,72,30,852,10,1,10,10,3,1,4,6578
845,13,21203,92,40,902,26,3,16,1,1,0,0,4422
846,18,19588,44,35,819,2,2,15,7,7,6,4,10274
847,20,25755,97,34,669,1,0,14,13,9,4,9,5343
848,13,26537,47,35,636,4,1,2,2,2,2,2,2376
849,13,9489,85,43,1372,9,8,7,4,3,1,3,5346
850,12,14947,76,32,862,2,1,1,1,0,0,0,2827
851,13,18575,92,56,718,4,4,28,5,2,4,2,19943
852,13,26342,54,29,1401,6,1,10,10,8,0,8,3131
853,25,7172,54,19,645,9,1,1,1,1,0,0,2552
854,19,20100,83,45,1457,7,4,7,3,2,0,2,4477
855,13,9961,56,37,977,1,1,14,14,8,3,11,6474
856,12,12828,87,20,805,3,1,2,2,2,1,2,3033
857,11,10826,96,44,1097,10,1,6,6,4,0,2,2936
858,18,18640,50,53,1223,7,3,26,7,7,4,7,18606
859,18,26933,69,29,942,15,0,6,5,4,1,3,2168
860,11,4223,48,22,1256,3,0,1,0,0,0,0,2853
861,23,24097,69,46,1402,2,8,28,26,15,15,9,17048
862,13,4279,74,44,111,17,2,6,0,0,0,0,2290
863,13,8429,99,33,147,2,1,5,5,4,1,4,3600
864,17,20293,95,41,906,5,6,5,1,0,0,0,2107
865,19,13192,61,30,1329,29,8,8,4,3,0,3,4115
866,12,25440,62,40,1184,2,5,5,0,0,0,0,4327
867,22,9490,30,50,1421,2,2,32,2,2,2,2,17856
868,12,12449,78,28,1179,19,1,6,6,5,3,3,3196
869,11,10849,52,46,1450,15,5,25,4,2,0,3,19081
870,15,21026,94,35,1361,17,3,15,7,7,1,7,8966
871,13,3372,97,24,984,17,1,1,1,0,0,0,2210
872,12,4905,82,33,1146,25,1,10,10,7,0,1,4539
873,14,6865,60,36,917,6,1,7,7,7,1,7,2741
874,13,11309,49,30,853,7,1,10,10,7,8,9,3491
875,25,7744,32,44,200,29,1,20,20,11,13,17,4541
876,17,5050,43,20,654,21,1,2,2,1,2,2,2678
877,11,17433,60,46,150,2,2,12,6,3,1,4,7379
878,16,12858,79,42,179,2,7,10,4,3,0,3,6272
879,18,10893,52,60,696,7,0,12,11,7,1,9,5220
880,20,7331,77,32,116,13,1,2,2,2,2,2,2743
881,14,2338,38,32,1316,2,4,10,8,7,0,7,4998
882,21,4235,77,36,363,1,2,17,7,7,7,7,10252
883,13,6311,60,33,117,9,0,15,14,10,4,10,2781
884,12,11591,84,40,107,10,7,7,5,1,1,3,6852
885,14,20623,57,25,1356,10,0,5,4,3,1,1,4950
886,21,9369,63,30,1465,1,0,12,11,9,5,7,3579
887,17,23281,60,42,458,26,3,20,1,0,0,0,13191
888,11,13755,78,35,1212,8,4,16,13,2,4,12,10377
889,14,14377,42,27,1103,14,1,9,9,7,6,8,2235
890,17,9659,53,54,966,1,7,33,5,4,1,4,10502
891,13,19982,72,44,1117,2,1,10,10,5,7,7,2011
892,25,6148,96,19,504,10,1,1,1,1,0,0,1859
893,15,5598,97,29,1010,1,1,3,3,2,1,2,3760
894,14,23474,85,54,685,3,3,36,10,9,0,9,17779
895,12,17089,80,31,1332,11,1,6,6,5,0,1,6833
896,19,17198,96,31,1062,24,1,10,10,9,1,8,6812
897,17,16490,48,59,326,3,5,13,6,1,0,5,5171
898,14,18625,96,43,920,3,3,25,8,7,0,7,19740
899,13,12124,85,49,1098,4,2,23,1,0,0,0,18711
900,12,9256,46,36,469,3,1,12,11,10,0,7,3692
901,11,16620,76,48,969,2,5,7,1,0,0,0,2559
902,11,3208,76,27,1167,4,1,5,5,3,0,3,2517
903,11,4204,82,29,1329,7,1,6,6,0,1,0,6623
904,12,8733,76,48,715,1,6,25,1,0,0,0,18265
905,14,3423,87,29,694,1,3,9,7,7,1,7,16124
906,17,21643,89,34,1320,20,0,2,1,0,0,0,2585
907,11,8751,88,44,1099,5,7,26,22,9,3,10,18213
908,14,21708,82,33,536,10,0,10,9,8,0,8,8380
909,12,21221,57,19,265,25,1,1,1,0,0,1,2994
910,22,16901,47,23,373,1,1,1,1,0,0,1,1223
911,14,8040,73,25,599,24,1,1,1,0,1,0,1118
912,20,9973,53,26,583,4,1,8,8,5,2,2,2875
913,16,2493,94,45,1449,2,2,26,24,10,1,11,18824
914,15,25592,37,55,177,8,1,34,33,9,15,0,13577
915,20,25308,45,21,251,10,1,2,2,2,2,2,2625
916,14,9946,33,46,168,4,2,26,11,4,0,8,18789
917,12,6039,86,34,131,2,0,4,3,2,0,2,4538
918,24,19196,83,51,237,9,4,31,29,10,11,10,19847
919,12,20002,67,59,1429,18,6,25,9,7,5,4,10512
920,13,22534,46,34,135,19,4,15,11,8,5,10,4444
921,11,6842,44,28,791,1,0,5,4,2,0,2,2154
922,14,17477,92,44,1199,4,1,26,25,9,14,13,19190
923,11,21833,56,34,648,11,4,14,10,9,1,8,4490
924,14,6020,66,35,735,6,0,4,3,2,2,2,3506
925,16,5628,78,42,603,7,6,18,1,0,0,0,2372
926,14,20364,56,43,531,4,3,23,21,7,15,17,10231
927,11,2323,53,36,429,2,9,18,16,14,5,12,5410
928,11,14075,73,44,621,15,1,10,10,7,0,5,7978
929,12,14222,52,28,193,2,1,2,2,2,2,2,3867
930,14,4257,40,51,968,6,0,8,7,0,7,7,2838
931,18,12858,72,30,879,9,7,10,8,4,1,7,4695
932,13,17285,39,29,806,7,3,10,7,7,7,7,3339
933,11,4732,84,28,640,1,2,5,3,2,1,2,2080
934,18,18830,40,25,266,1,1,2,2,2,2,1,2096
935,15,11693,56,32,604,8,1,10,10,7,0,8,6209
936,22,13035,83,45,364,25,3,22,0,0,0,0,18061
937,13,17334,94,39,412,13,6,21,19,9,15,2,17123
938,12,26076,88,58,848,23,1,2,2,2,2,2,2372
939,18,22845,79,32,1089,7,1,10,10,4,1,1,4883
940,13,22154,93,39,360,23,0,6,5,2,0,3,3904
941,12,23631,48,30,1138,6,0,10,9,2,6,7,4627
942,12,5747,63,36,325,10,3,10,7,7,1,7,7094
943,12,22957,44,46,991,1,6,10,7,6,5,7,3423
944,11,16392,55,28,1476,1,0,10,9,8,7,5,6674
945,11,22422,43,50,1322,28,4,25,3,2,1,2,16880
946,12,17235,57,40,299,25,2,9,5,4,1,0,9094
947,19,21534,64,52,1030,5,9,10,8,7,7,7,8446
948,23,25927,95,30,634,17,1,9,9,1,0,8,11916
949,11,13352,32,39,524,18,0,9,8,7,1,7,4534
950,19,8935,57,31,587,2,1,10,10,8,9,6,9852
951,13,22074,40,41,256,10,1,19,19,2,11,9,6151
952,11,8319,54,31,1060,1,1,3,3,2,2,2,2302
953,12,14669,89,44,935,3,4,10,3,2,1,2,2362
954,13,26582,37,42,495,2,0,21,20,8,2,10,17861
955,14,6992,58,55,282,2,4,23,19,9,9,11,19187
956,14,4022,99,56,206,8,6,36,7,3,7,7,19717
957,16,8532,74,40,458,16,9,6,4,2,0,0,3544
958,11,5494,86,34,943,9,0,10,9,7,1,6,8500
959,13,22455,98,40,523,2,1,9,9,8,8,8,4661
960,17,4297,66,41,1018,1,0,10,9,3,1,7,4103
961,11,2690,87,35,482,4,1,9,9,6,1,1,4249
962,11,17588,84,51,770,5,1,33,33,9,0,10,14026
963,15,19461,31,38,1009,2,3,11,7,7,1,7,6893
964,12,23553,66,34,507,15,1,10,10,8,9,6,6125
965,11,9075,67,25,882,19,3,7,3,2,1,2,3669
966,14,12023,53,58,601,7,7,31,10,9,5,9,10008
967,22,6762,88,40,329,1,3,7,4,2,0,3,2387
968,16,2261,83,36,607,7,2,17,15,7,6,13,4639
969,11,18706,54,48,855,4,1,11,10,9,0,8,7898
970,14,6527,98,27,1291,11,8,5,1,0,0,0,2534
971,16,24439,82,51,1405,11,3,29,5,2,0,3,13142
972,15,19305,97,18,1124,1,1,0,0,0,0,0,1611
973,12,10846,60,35,817,1,0,10,9,7,0,0,5363
974,20,20392,43,27,793,2,3,8,6,2,0,0,5071
975,17,9277,85,55,267,13,6,24,19,7,3,8,13695
976,12,18235,68,56,1369,23,4,33,19,16,15,9,13402
977,20,15891,92,34,999,26,1,5,5,4,0,0,2029
978,20,13888,89,40,1202,2,5,15,12,11,11,8,6377
979,13,17491,86,34,285,29,4,10,8,7,7,7,5429
980,14,11882,90,31,703,2,7,3,1,0,0,0,2785
981,18,23288,67,35,662,18,0,5,4,2,3,2,4614
982,11,15748,57,38,693,7,1,4,4,2,0,3,2610
983,11,6163,98,34,404,2,1,14,14,11,4,11,6687
984,11,24232,48,28,736,26,1,5,5,3,0,4,4724
985,15,21057,98,31,330,22,1,10,10,2,6,7,6179
986,12,3567,44,39,1498,21,3,8,5,4,1,4,6120
987,11,15395,52,51,541,2,2,14,4,2,3,2,10596
988,14,13953,75,41,1200,22,3,12,6,2,3,3,5467
989,15,5182,54,37,1439,4,7,8,6,4,1,3,2996
990,13,19293,61,33,1111,5,6,8,5,4,1,2,9998
991,13,20497,36,32,499,2,0,4,3,2,1,2,4078
992,21,3449,71,39,1485,25,3,13,6,4,0,5,10920
993,11,12477,93,25,1372,18,2,6,3,2,1,2,6232
994,11,9731,59,52,322,28,2,24,5,3,0,2,13247
995,14,20003,73,43,930,6,1,20,20,7,1,8,4081
996,11,7100,98,27,205,10,1,6,6,2,4,4,5769
997,13,25681,51,27,135,17,1,8,8,2,7,7,2394
998,12,4050,36,26,683,2,0,5,4,3,1,1,3904
999,14,16616,31,42,1147,10,0,21,20,7,0,9,16799
1000,13,17363,54,52,258,8,9,12,5,4,0,4,2950
1001,18,19106,94,37,1462,11,4,8,3,2,0,2,3629
1002,11,19944,60,35,200,18,2,10,2,2,2,2,9362
1003,11,4910,81,25,949,1,4,7,3,2,0,2,3229
1004,12,23577,100,26,652,7,0,8,7,7,0,7,3578
1005,13,9769,51,29,332,17,1,10,10,9,0,9,7988
1006,20,22710,97,49,1475,28,3,20,4,3,1,3,4284
1007,12,22930,84,29,337,14,0,9,8,7,7,7,7553
1008,19,5652,54,54,971,1,6,29,20,7,12,7,17328
1009,21,22456,76,58,1055,1,3,32,9,8,1,5,19701
1010,13,12414,81,55,1136,1,2,31,7,7,0,0,14732
1011,16,20763,99,36,1174,3,3,15,5,4,0,1,9278
1012,12,16154,50,31,667,1,1,1,1,0,0,0,1359
1013,14,12761,73,30,855,7,7,8,3,2,0,2,4779
1014,11,8847,93,31,182,8,3,9,3,2,1,0,16422
1015,14,20284,91,34,560,1,5,10,4,3,1,3,2996
1016,12,22262,34,31,202,8,1,1,1,0,0,0,1261
1017,14,7679,91,27,1377,11,0,6,5,0,1,4,2099
1018,16,22604,37,36,172,4,1,10,10,4,1,8,5810
1019,13,13494,98,36,329,16,4,11,3,2,0,2,5647
1020,12,10205,74,47,465,1,7,17,6,5,1,2,3420
1021,12,15182,68,25,383,9,3,6,3,2,2,2,4400
1022,14,25470,84,37,1413,5,0,7,6,5,1,3,3500
1023,22,10494,90,56,1255,1,2,5,3,2,1,0,2066
1024,19,26703,82,47,359,2,3,26,20,17,5,6,17169
1025,12,15211,42,24,1476,4,1,5,5,4,0,3,4162
1026,12,23343,97,32,601,7,4,7,4,3,0,3,9204
1027,17,3708,86,34,401,1,5,7,5,4,0,2,3294
1028,12,5561,90,41,1283,5,2,7,4,2,0,3,2127
1029,11,23099,81,40,663,9,3,11,8,7,0,7,3975
1030,18,8386,31,31,326,8,1,13,13,7,9,9,10793
1031,11,15986,52,46,377,9,4,28,7,7,4,3,10096
1032,23,17181,54,39,592,2,2,11,1,0,0,0,3646
1033,11,8931,100,31,1445,1,1,10,10,8,4,7,7446
1034,18,19863,95,45,1038,20,2,24,7,7,0,7,10851
1035,18,24609,96,31,1398,8,9,8,3,2,0,2,2109
1036,13,21081,94,31,523,2,6,7,2,2,2,2,3722
1037,18,14720,55,45,1448,29,4,10,3,1,1,2,9380
1038,11,24795,96,48,1221,7,4,15,2,2,2,2,5486
1039,15,3072,52,34,1107,9,1,2,2,2,2,2,2742
1040,11,25178,55,40,218,8,2,16,9,8,4,8,13757
1041,18,23490,84,28,866,5,0,6,5,4,1,3,8463
1042,14,7973,90,44,981,5,3,7,5,2,0,3,3162
1043,12,19764,39,53,447,2,4,35,9,8,8,8,16598
1044,14,21534,96,49,1495,5,2,20,3,2,1,2,6651
1045,14,8045,68,40,896,2,2,8,3,1,1,2,2345
1046,13,21158,49,44,1467,20,1,6,5,2,1,3,3420
1047,14,17456,54,33,430,7,0,5,4,3,0,3,4373
1048,18,15891,81,34,1326,3,3,15,13,9,3,12,4759
1049,15,2939,96,30,1358,16,8,4,2,1,2,2,5301
1050,13,16458,74,42,748,9,1,12,12,9,5,8,3673
1051,12,9282,79,44,383,1,7,11,1,0,0,0,4768
1052,13,7152,64,30,990,7,1,1,1,0,0,0,1274
1053,24,2721,93,57,405,1,0,13,12,9,2,8,4900
1054,14,20948,35,49,1490,7,3,29,8,7,0,7,10466
1055,14,11929,71,34,829,15,7,16,14,8,6,9,17007
1056,15,15747,92,28,1496,1,3,5,3,2,1,2,2909
1057,11,17485,51,29,115,13,5,7,5,3,0,0,5765
1058,23,7815,40,34,790,24,0,16,15,9,10,10,4599
1059,13,16192,76,35,660,7,1,1,1,0,0,0,2404
1060,11,16998,89,24,381,9,2,4,0,0,0,0,3172
1061,13,7103,78,24,830,13,1,1,1,0,0,0,2033
1062,18,19719,86,44,1193,2,5,16,2,2,2,2,10209
1063,14,23757,77,29,1246,19,1,10,10,7,0,4,8620
1064,21,15428,46,30,330,1,0,6,5,3,1,3,2064
1065,16,16143,30,55,1229,4,0,4,3,2,1,2,4035
1066,11,8192,82,33,1099,4,8,8,5,4,0,2,3838
1067,17,24200,78,47,571,14,3,11,5,4,1,2,4591
1068,11,5355,38,28,289,2,7,8,0,0,0,0,2561
1069,14,12530,72,28,1423,1,1,1,1,0,0,0,1563
1070,14,11827,55,28,467,7,0,5,4,2,1,3,4898
1071,25,23070,43,49,271,3,4,10,3,2,1,2,4789
1072,13,4668,97,29,410,2,0,4,3,2,0,2,3180
1073,14,3173,96,28,1083,29,1,8,8,6,1,7,6549
1074,17,22049,69,33,516,8,2,14,0,0,0,0,6388
1075,25,21072,64,32,495,10,2,10,5,2,0,0,11244
1076,20,24456,87,54,1050,11,3,26,14,9,1,12,16032
1077,13,7568,100,29,224,1,6,11,9,7,0,7,2362
1078,13,22074,32,44,136,28,3,24,20,6,14,17,16328
1079,18,9150,32,39,1089,6,4,9,2,0,2,2,8376
1080,12,11380,51,46,228,3,8,23,13,12,5,1,16606
1081,19,21195,91,35,1029,16,1,11,11,8,3,3,8606
1082,14,24812,97,23,507,20,0,5,4,3,1,2,2272
1083,14,21831,86,40,676,9,3,15,5,4,1,0,2018
1084,14,12288,64,34,971,1,1,10,10,9,8,6,7083
1085,12,4156,33,31,561,3,1,7,7,2,7,7,4084
1086,13,24450,88,50,333,22,1,32,32,6,13,9,14411
1087,25,4944,55,34,1440,7,0,12,11,10,5,7,2308
1088,14,24052,68,42,1210,2,4,4,1,0,0,0,4841
1089,17,3031,47,37,674,13,1,10,10,8,3,7,4285
1090,13,7288,39,29,441,8,3,9,7,7,0,7,9715
1091,13,24152,44,33,575,25,1,5,5,3,0,2,4320
1092,20,4585,97,45,950,28,4,8,5,4,0,3,2132
1093,14,18611,40,42,288,2,2,24,20,8,13,9,10124
1094,12,19345,47,40,1342,9,0,9,8,4,7,1,5473
1095,12,22949,79,33,589,28,1,15,15,14,5,7,5207
1096,21,17381,38,40,898,6,1,21,21,7,7,7,16437
1097,14,10036,57,24,350,21,0,2,1,1,0,0,2296
1098,18,8841,72,40,1142,8,3,8,2,2,2,2,4069
1099,12,20933,66,45,538,1,1,10,10,8,7,7,7441
1100,23,26204,98,35,1402,28,0,6,5,3,4,2,2430
1101,12,15624,67,32,824,5,3,12,7,1,2,5,5878
1102,21,17001,70,36,1157,2,3,7,3,2,1,2,2644
1103,14,13693,96,48,492,16,8,18,8,7,7,7,6439
1104,18,22376,91,29,598,9,6,5,1,0,0,0,2451
1105,13,10589,46,33,1242,8,2,8,2,2,2,2,6392
1106,11,5323,64,30,740,1,1,10,10,8,6,7,9714
1107,11,14814,71,38,888,10,3,10,6,3,1,2,6077
1108,19,21731,68,35,992,1,1,3,3,0,1,2,2450
1109,12,17799,33,30,1288,29,3,9,4,2,1,3,9250
1110,12,26619,69,35,104,2,1,1,1,0,0,0,2074
1111,16,14618,78,53,607,2,0,34,33,7,1,9,10169
1112,11,7653,81,38,903,2,4,7,5,2,1,4,4855
1113,14,25174,62,32,1200,1,4,9,6,5,1,2,4087
1114,12,16530,65,48,1108,15,8,10,8,2,7,6,2367
1115,13,22061,35,34,479,7,1,1,1,0,0,0,2972
1116,21,23037,60,55,685,26,1,36,36,6,2,13,19586
1117,17,13008,45,34,1351,1,9,9,2,2,2,1,5484
1118,21,11133,89,26,474,3,1,1,1,0,0,0,2061
1119,11,12355,80,38,1245,14,0,10,9,8,7,7,9924
1120,12,16379,90,38,437,16,2,8,3,2,1,2,4198
1121,13,21447,73,36,884,1,6,15,1,0,0,0,6815
1122,18,16213,87,29,1370,3,1,10,10,9,1,5,4723
1123,16,4223,51,35,670,10,3,10,5,2,0,4,6142
1124,11,4658,38,39,1462,6,2,11,7,6,7,6,8237
1125,19,24483,87,29,995,2,1,6,6,4,1,3,8853
1126,16,19519,59,50,264,9,4,27,1,0,0,0,19331
1127,16,12826,45,23,977,10,2,4,2,2,2,2,2073
1128,13,19711,80,36,1302,6,3,9,3,2,0,2,5562
1129,22,26362,93,42,1059,9,8,24,1,0,0,1,19613
1130,17,25348,46,35,750,28,1,10,10,9,6,8,3407
1131,14,15332,92,34,653,10,1,8,8,2,7,7,5063
1132,15,11262,84,40,118,14,1,5,5,4,1,2,4639
1133,12,5855,87,43,990,27,5,8,6,4,0,2,4876
1134,18,7713,63,35,1349,7,1,1,1,0,0,1,2690
1135,15,3156,56,46,563,1,1,27,26,0,0,12,17567
1136,17,7324,51,28,329,24,1,1,1,1,0,0,2408
1137,14,10293,85,22,457,26,1,4,4,2,1,3,2814
1138,15,20689,41,50,1234,20,2,32,30,8,12,13,11245
1139,17,18783,35,32,634,5,3,6,3,2,0,2,3312
1140,14,3549,31,44,1313,7,0,23,22,7,1,10,19049
1141,12,5348,48,30,241,7,1,6,6,4,1,1,2141
1142,14,23447,50,45,1015,5,1,10,10,7,1,4,5769
1143,15,24162,52,45,336,26,1,10,10,7,4,5,4385
1144,13,21602,54,31,715,2,7,10,5,2,0,3,5332
1145,12,12421,76,36,559,12,9,7,3,2,1,1,4663
1146,13,17000,42,34,426,10,1,9,9,7,7,2,4724
1147,14,22102,84,49,722,25,1,10,9,6,1,4,3211
1148,13,3835,76,39,1387,10,2,10,7,7,7,7,5377
1149,11,16290,67,27,1302,19,1,7,7,7,0,7,4066
1150,11,26312,48,35,819,18,1,16,16,15,1,10,5208
1151,21,20460,39,28,580,27,0,6,5,3,0,0,4877
1152,18,26009,97,21,546,5,1,3,2,2,2,2,3117
1153,12,18420,70,18,544,3,1,0,0,0,0,0,1569
1154,11,5220,98,47,1176,26,3,27,5,2,1,0,19658
1155,15,10302,76,39,170,3,0,11,10,8,0,7,3069
1156,13,25800,80,40,884,15,1,18,18,15,14,12,10435
1157,12,12250,52,35,208,8,1,15,14,11,2,9,4148
1158,17,26493,85,37,671,19,3,9,4,3,0,2,5768
1159,13,3140,81,39,711,4,0,10,9,2,3,8,5042
1160,19,5388,59,45,1329,2,1,10,10,7,3,9,5770
1161,19,14199,54,38,397,2,3,10,5,4,0,2,7756
1162,17,21530,55,35,737,10,9,15,13,12,6,0,10306
1163,11,9953,71,37,1470,10,1,8,8,4,7,7,3936
1164,15,19948,84,40,448,16,6,18,4,2,3,3,7945
1165,11,10503,37,44,602,1,4,14,10,7,0,2,5743
1166,25,5602,89,48,365,4,2,23,2,2,2,2,15202
1167,14,22098,59,35,763,15,6,7,2,2,2,2,5440
1168,13,17218,32,24,567,2,1,6,6,3,1,3,3760
1169,17,22490,86,27,486,8,7,5,3,2,0,2,3517
1170,13,6297,87,27,591,2,2,6,4,2,1,2,2580
1171,14,3339,73,40,1329,7,3,10,4,2,0,3,2166
1172,11,23413,42,29,469,10,9,8,5,2,1,4,5869
1173,12,22792,42,36,711,5,4,9,3,2,0,2,8008
1174,17,4973,77,25,772,2,1,7,7,7,0,7,5206
1175,21,7693,66,39,492,12,4,7,5,4,1,0,5295
1176,16,3498,72,49,301,22,3,27,4,2,1,2,16413
1177,15,21981,50,50,813,17,5,19,14,11,1,11,13269
1178,19,13251,31,20,1141,2,1,2,2,2,2,2,2783
1179,12,19332,66,34,1130,3,1,11,11,8,7,9,5433
1180,11,10950,77,36,311,7,2,15,4,3,1,3,2013
1181,19,11652,41,49,465,6,2,30,15,11,2,12,13966
1182,15,15411,33,36,894,1,0,4,3,2,1,2,4374
1183,20,26308,79,36,1040,3,6,13,5,4,0,4,6842
1184,25,18685,91,54,584,22,3,36,10,8,4,7,17426
1185,24,3525,65,43,1291,15,1,14,14,10,6,11,17603
1186,24,10414,36,35,880,12,3,13,11,9,6,7,4581
1187,15,9867,90,38,1189,1,7,19,13,11,2,9,4735
1188,13,3356,43,29,991,5,1,10,10,0,0,9,4187
1189,14,3921,93,33,392,2,1,6,6,2,0,4,5505
1190,13,25518,45,32,977,2,0,10,9,5,1,6,5470
1191,11,22589,67,31,1112,5,1,10,10,0,0,2,5476
1192,16,24941,74,49,464,16,4,17,2,2,2,2,2587
1193,22,23826,42,38,148,2,1,4,4,3,3,3,2440
1194,14,21086,47,47,1225,2,6,29,3,2,1,2,15972
1195,14,22384,36,49,809,1,4,23,8,7,0,0,15379
1196,16,11591,80,41,1206,23,3,21,2,0,0,2,7082
1197,11,21082,54,20,727,9,1,2,2,2,0,2,2728
1198,25,16130,36,33,530,16,1,7,6,5,1,2,5368
1199,14,7419,80,36,1351,26,6,10,3,2,0,2,5347
1200,18,4167,44,44,528,1,4,8,2,2,2,2,3195
1201,11,20586,93,23,1320,8,1,5,5,4,1,2,3989
1202,19,26176,87,38,1495,4,7,7,0,0,0,0,3306
1203,15,3458,48,53,1395,24,3,11,4,3,1,2,7005
1204,11,11740,95,48,708,7,2,19,9,7,7,7,2655
1205,12,24852,95,32,1259,2,1,1,1,0,0,0,1393
1206,20,11925,76,26,786,7,1,7,7,7,5,7,2570
1207,12,23737,94,55,1441,22,5,8,4,2,1,2,3537
1208,14,11912,57,34,1157,5,1,15,15,10,4,13,3986
1209,20,20467,92,60,370,1,3,19,1,0,0,0,10883
1210,18,13637,79,33,267,21,1,14,14,11,2,13,2028
1211,14,7677,31,37,1278,1,1,6,6,3,1,3,9525
1212,12,20338,35,34,678,19,1,10,10,9,8,7,2929
1213,21,25103,99,23,427,7,1,3,3,2,0,2,2275
1214,19,14810,96,44,921,2,1,9,8,7,6,7,7879
1215,14,13970,79,35,146,2,0,6,5,4,1,4,4930
1216,17,6069,73,43,1179,2,1,10,10,9,8,8,7847
1217,16,17616,62,24,581,9,1,5,5,3,0,4,4401
1218,12,15869,35,41,918,6,1,10,10,8,8,7,9241
1219,17,25412,43,29,1082,9,9,9,5,3,1,2,2974
1220,15,7439,51,36,530,2,3,17,13,7,6,7,4502
1221,23,3395,74,45,1238,1,3,25,23,15,14,4,10748
1222,11,11585,58,24,240,22,1,1,1,0,0,0,1555
1223,11,24164,82,47,1093,9,7,25,23,5,14,10,12936
1224,15,6217,62,26,390,17,1,3,3,2,0,2,2305
1225,11,17119,48,45,1005,28,1,21,21,6,8,6,16704
1226,13,17360,56,32,585,10,6,10,5,2,1,3,3433
1227,14,18103,69,31,741,2,1,6,5,2,0,3,3477
1228,19,20794,60,41,552,4,6,10,3,2,1,2,6430
1229,16,5041,92,40,369,8,2,18,1,0,0,0,6516
1230,13,3622,91,24,506,29,1,6,6,2,1,2,3907
1231,14,9697,34,46,717,13,6,19,10,7,0,9,5562
1232,16,5151,49,35,1370,27,2,17,7,7,0,7,6883
1233,12,3811,33,30,793,16,1,10,10,0,0,8,2862
1234,11,3536,87,47,543,2,7,4,1,0,0,0,4978
1235,12,5596,74,46,1277,2,4,13,10,6,0,3,10368
1236,13,8658,96,36,1456,13,5,16,2,2,2,2,6134
1237,15,12147,34,32,964,1,6,10,0,0,0,0,6735
1238,13,12862,51,23,160,4,1,3,3,2,1,2,3295
1239,20,6670,30,31,163,24,2,9,5,4,1,4,5238
1240,15,8989,77,39,792,1,1,9,9,8,5,8,6472
1241,13,3840,80,32,371,19,3,10,4,3,0,2,9610
1242,14,4349,88,40,611,7,1,21,21,8,12,8,19833
1243,21,6595,56,45,176,4,4,9,5,0,0,3,9756
1244,16,26427,78,30,1312,2,0,10,9,7,0,7,4968
1245,14,2097,59,24,897,10,0,3,2,2,2,1,2145
1246,11,9732,66,30,600,8,6,6,4,2,1,2,2180
1247,19,20943,51,31,1003,5,1,6,5,2,0,2,8346
1248,11,6152,67,27,1054,8,1,6,6,2,1,4,3445
1249,13,14630,52,29,428,9,1,2,2,2,2,2,2760
1250,12,23060,70,29,461,1,8,10,3,2,0,2,6294
1251,11,3088,94,30,979,15,2,12,7,7,1,7,7140
1252,14,5586,97,34,181,2,0,6,5,0,1,2,2932
1253,15,10697,62,33,1283,2,8,13,11,7,1,7,5147
1254,12,8191,80,49,1313,11,3,8,5,1,0,4,4507
1255,20,10092,74,33,211,16,2,11,0,0,0,0,8564
1256,14,15963,75,38,594,2,4,9,6,1,0,5,2468
1257,13,19002,70,31,1079,16,2,10,1,0,0,0,8161
1258,13,10007,91,29,590,4,1,1,1,0,0,0,2109
1259,16,9128,58,30,305,16,3,10,7,0,1,7,5294
1260,14,17674,65,32,953,5,2,12,7,7,0,7,2718
1261,16,24539,60,38,833,18,3,15,1,0,1,0,5811
1262,16,15587,38,43,807,17,9,6,1,0,0,0,2437
1263,22,8952,57,42,855,12,8,7,5,3,0,4,2766
1264,12,19805,60,55,478,2,8,34,1,0,0,0,19038
1265,15,6194,90,33,775,4,5,11,9,8,1,7,3055
1266,20,20520,94,41,548,9,1,5,5,3,0,4,2289
1267,14,12313,87,34,1375,10,1,15,15,14,0,7,4001
1268,20,22308,60,53,661,1,4,27,3,2,0,2,12965
1269,13,5033,97,43,244,2,0,10,9,7,1,8,3539
1270,12,25353,32,34,511,3,5,6,2,2,2,2,6029
1271,13,4567,31,21,337,7,1,1,1,0,1,0,2679
1272,11,16376,40,38,1153,6,1,5,5,4,0,4,3702
1273,17,15999,79,22,1294,8,1,1,1,0,0,0,2398
1274,14,13402,91,31,196,29,1,13,12,7,5,7,5468
1275,11,22984,53,51,942,3,2,15,2,2,2,2,13116
1276,14,8800,46,37,589,9,1,5,5,2,0,3,4189
1277,17,14218,46,46,734,2,7,24,2,1,2,2,19328
1278,13,25949,90,36,1383,10,7,15,12,8,5,7,8321
1279,12,11092,99,44,429,1,1,6,5,3,2,3,2342
1280,13,12832,89,37,1239,8,2,19,10,0,4,7,4071
1281,18,13492,84,35,303,27,1,10,10,7,7,7,5813
1282,19,6076,90,33,867,8,6,14,10,8,7,6,3143
1283,11,5531,82,28,1181,1,1,5,5,3,0,3,2044
1284,21,7914,65,39,1253,10,7,9,4,3,2,2,13464
1285,15,25166,98,46,849,26,8,6,2,2,2,2,7991
1286,17,25605,99,40,616,2,4,7,4,3,0,2,3377
1287,18,5696,95,42,1128,13,5,10,0,0,0,0,5538
1288,14,24442,90,35,1180,2,2,15,7,7,1,7,5762
1289,13,7129,100,38,1336,2,5,13,11,10,3,8,2592
1290,17,6208,93,34,234,9,4,11,7,1,0,7,5346
1291,15,4992,58,37,370,10,1,10,10,3,0,8,4213
1292,18,19188,83,39,766,20,2,7,2,1,2,2,4127
1293,13,24978,52,43,343,9,4,7,3,2,1,2,2438
1294,12,15530,85,41,447,5,3,11,3,2,1,2,6870
1295,13,26458,81,41,796,4,0,23,22,14,13,5,10447
1296,14,2739,64,30,1092,10,9,9,7,7,0,2,9667
1297,11,6889,69,26,920,20,0,6,5,1,1,4,2148
1298,22,10842,66,46,261,21,4,13,9,7,3,7,8926
1299,17,9060,52,40,1194,1,4,12,5,3,0,3,6513
1300,21,22128,92,34,810,8,1,10,10,8,4,8,6799
1301,22,22577,52,58,350,2,4,37,16,9,14,14,16291
1302,16,9696,91,35,185,23,0,6,5,4,0,3,2705
1303,12,19271,92,47,1001,4,8,28,22,11,14,10,10333
1304,12,10748,47,40,750,12,2,15,7,4,7,7,4448
1305,15,15696,68,54,431,7,4,14,7,1,1,7,6854
1306,14,8277,68,31,1125,7,2,9,3,2,2,2,9637
1307,25,12719,67,28,1217,1,1,3,3,2,1,2,3591
1308,20,4244,77,38,723,2,2,20,4,2,0,3,5405
1309,13,9125,46,26,572,10,1,5,5,3,1,2,4684
1310,14,21624,87,58,1216,15,2,23,2,2,2,2,15787
1311,16,8018,33,18,1431,14,1,0,0,0,0,0,1514
1312,17,21495,89,31,359,18,0,2,1,0,0,0,2956
1313,15,3157,56,29,350,13,4,4,2,2,2,0,2335
1314,22,19665,67,45,589,2,4,10,8,7,5,7,5154
1315,22,19573,73,36,430,2,4,15,1,0,0,0,6962
1316,20,19246,92,43,1422,2,1,7,7,7,7,7,5675
1317,14,19826,53,27,1297,5,0,6,5,4,0,2,2379
1318,13,7003,40,29,574,20,1,11,11,8,3,10,3812
1319,13,26075,79,32,1318,10,8,4,0,0,0,0,4648
1320,22,6161,38,42,355,10,3,10,6,3,3,3,2936
1321,12,5411,64,47,207,9,4,7,2,2,2,0,2105
1322,14,19989,82,46,706,2,3,12,9,8,4,7,8578
1323,15,10494,43,28,280,1,1,3,3,2,2,2,2706
1324,17,21143,93,29,726,29,8,11,7,0,1,6,6384
1325,13,13624,81,42,1142,8,4,8,0,0,0,0,3968
1326,12,26186,82,32,414,2,7,7,2,2,2,2,9907
1327,12,7739,45,46,1319,3,2,25,19,17,2,8,13225
1328,21,7018,36,27,728,23,1,9,9,8,5,8,3540
1329,11,15434,87,29,352,6,1,1,1,0,0,0,2804
1330,13,22539,81,43,823,6,7,21,16,12,6,14,19392
1331,12,13583,91,48,1224,10,4,29,22,10,12,9,19665
1332,24,14753,73,29,459,24,1,1,1,0,1,0,2439
1333,21,14011,64,46,1254,10,5,14,8,7,0,7,7314
1334,19,23844,77,27,1131,15,0,8,7,6,7,3,4774
1335,14,5141,41,39,835,19,8,7,2,2,2,2,3902
1336,20,7975,98,55,836,2,8,19,5,2,0,4,2662
1337,19,3692,78,28,1172,3,1,1,1,0,0,0,2856
1338,13,16019,89,30,945,9,1,1,1,0,0,0,1081
1339,23,26092,75,22,391,7,1,1,1,0,0,0,2472
1340,13,6060,63,36,1266,10,1,10,10,9,1,7,5673
1341,11,18624,89,31,311,20,1,10,10,8,0,2,4197
1342,13,24444,64,34,1480,4,2,9,5,3,1,0,9713
1343,14,19384,59,29,592,7,3,11,3,2,1,2,2062
1344,22,13588,78,37,783,7,5,16,5,3,0,4,4284
1345,11,25388,44,35,219,16,0,4,3,2,0,2,4788
1346,13,23888,93,45,556,25,0,10,9,8,3,8,5906
1347,21,4223,94,36,1213,2,1,10,10,1,0,8,3886
1348,11,18991,98,40,1137,1,2,22,19,7,11,16,16823
1349,13,14908,90,26,482,1,1,1,1,0,1,0,2933
1350,14,26997,89,27,511,2,0,9,8,7,0,7,6500
1351,11,2437,58,48,117,22,3,24,22,17,4,7,17174
1352,15,9364,78,44,170,1,2,10,2,0,2,2,5033
1353,23,14460,85,34,967,16,1,5,5,2,3,0,2307
1354,16,10261,97,56,1162,24,1,5,4,2,1,0,2587
1355,16,16822,33,36,335,17,2,12,4,2,1,3,5507
1356,21,26841,54,41,337,8,5,14,5,4,1,4,4393
1357,13,14842,83,42,1396,6,9,18,13,7,5,7,13348
1358,11,20115,86,31,1079,10,2,8,5,2,1,4,6583
1359,12,16495,75,34,735,3,3,9,4,2,0,1,8103
1360,12,16031,62,31,471,4,8,4,2,2,2,2,3978
1361,18,7102,61,26,1096,6,0,8,7,7,7,7,2544
1362,12,14511,44,45,1297,1,4,12,4,2,0,3,5399
1363,14,10410,43,33,217,10,1,10,10,4,0,9,5487
1364,12,19255,42,28,783,1,1,7,7,7,0,7,6834
1365,17,10642,45,29,746,24,1,1,1,0,0,0,1091
1366,19,3987,32,39,1251,21,6,10,3,2,1,2,5736
1367,11,6073,41,27,1354,2,1,6,5,3,1,2,2226
1368,15,26496,86,34,735,22,1,16,15,10,6,11,5747
1369,11,23352,84,28,1475,13,3,6,2,0,2,2,9854
1370,18,2125,64,47,1169,14,8,16,8,7,1,7,5467
1371,16,20328,89,56,1443,11,4,6,0,0,0,0,5380
1372,25,12315,87,39,867,9,1,10,10,0,7,9,5151
1373,16,18115,58,38,1394,8,1,20,20,11,0,7,2133
1374,13,11761,72,58,605,21,4,29,1,0,0,0,17875
1375,14,15318,47,32,238,5,3,8,4,1,0,3,2432
1376,19,14293,71,38,1206,9,2,10,5,2,0,3,4771
1377,15,13738,42,49,1064,2,3,28,5,4,4,3,19161
1378,12,2900,77,42,419,12,3,14,0,0,0,0,5087
1379,12,19555,58,27,1337,22,1,1,1,0,0,0,2863
1380,16,15975,71,35,682,18,0,6,5,3,0,4,5561
1381,14,2122,49,28,1103,16,1,5,5,3,1,4,2144
1382,13,3995,48,31,976,3,1,4,4,2,2,3,3065
1383,22,9238,66,36,1351,9,1,5,5,4,0,2,2810
1384,21,6770,32,34,937,1,1,14,14,8,2,1,9888
1385,18,22914,39,34,1239,13,1,9,8,7,1,1,8628
1386,13,20006,95,26,157,1,0,8,7,7,7,6,2867
1387,12,6225,89,29,136,1,0,6,5,3,0,2,5373
1388,18,16542,34,32,1146,15,5,9,5,1,1,2,6667
1389,21,5771,48,31,1125,1,1,10,10,8,8,7,5003
1390,12,18779,32,28,1404,17,5,6,4,1,0,3,2367
1391,14,11473,59,38,1404,1,4,20,1,0,0,0,2858
1392,11,13586,55,35,1224,7,1,10,10,8,0,9,5204
1393,14,5099,44,27,954,9,1,7,7,7,0,7,4105
1394,24,10138,56,32,1373,5,8,8,1,0,0,0,9679
1395,11,21075,63,31,754,26,1,10,10,7,0,8,5617
1396,13,5843,66,53,1168,24,6,15,2,2,2,2,10448
1397,11,22474,67,54,155,9,3,9,4,3,2,3,2897
1398,20,18079,36,33,1303,7,1,9,9,7,2,8,5968
1399,17,16873,30,43,574,11,1,10,10,9,0,9,7510
1400,11,5224,88,38,1444,1,0,7,6,2,1,2,2991
1401,18,25811,71,55,189,26,4,35,10,9,1,4,19636
1402,11,17536,59,31,1276,2,1,1,1,0,0,0,1129
1403,12,25098,77,39,119,15,0,21,20,8,11,10,13341
1404,12,14811,37,42,335,23,1,20,20,9,3,7,4332
1405,20,26862,40,31,697,10,4,13,11,7,4,8,11031
1406,19,25198,77,54,157,10,6,9,5,2,1,4,4440
1407,12,14120,45,24,771,1,1,4,4,3,1,2,4617
1408,13,13672,78,23,571,12,1,5,5,2,1,4,2647
1409,11,26849,73,40,692,11,1,10,10,9,9,4,6323
1410,14,4258,92,40,444,2,3,15,11,8,5,10,5677
1411,14,19655,82,25,309,2,4,6,2,0,1,2,2187
1412,13,4077,76,30,911,1,1,12,12,8,1,7,3748
1413,19,7298,57,25,977,2,6,7,2,2,0,2,3977
1414,23,13084,84,47,1180,25,2,25,17,14,12,11,8633
1415,12,20439,59,33,1313,1,1,1,1,1,0,0,2008
1416,15,7636,86,38,1321,1,0,16,15,13,5,8,4440
1417,19,6393,54,31,1154,2,0,3,2,2,1,2,3067
1418,11,14284,72,38,508,6,2,10,8,3,7,7,5321
1419,17,11189,35,42,557,18,6,9,4,3,1,2,5410
1420,22,21412,76,41,642,1,3,12,5,3,1,0,2782
1421,18,17231,98,47,1162,1,0,14,13,8,5,12,11957
1422,11,20232,43,35,1490,11,7,5,2,2,2,2,2660
1423,12,17624,63,22,581,1,0,4,3,2,1,2,3375
1424,19,18698,48,35,1395,9,1,10,10,7,0,8,5098
1425,13,21653,95,33,501,15,0,10,9,7,8,1,4878
1426,13,15919,49,32,267,29,1,6,6,2,4,1,2837
1427,19,4060,83,40,543,1,8,8,1,0,0,0,2406
1428,14,18024,68,32,234,1,0,3,2,2,2,2,2269
1429,13,5340,52,39,116,24,7,18,7,7,1,7,4108
1430,12,3376,99,38,201,10,3,20,18,16,1,11,13206
1431,19,24032,48,32,801,1,1,14,14,10,5,7,10422
1432,25,15471,42,37,161,10,1,16,16,11,6,8,13744
1433,22,13684,85,25,1382,8,0,6,5,3,0,4,4907
1434,15,19788,40,52,585,29,2,16,9,8,0,0,3482
1435,12,13422,42,44,1037,1,6,6,4,3,1,2,2436
1436,11,25479,58,21,501,5,1,2,2,2,1,2,2380
1437,13,15302,87,39,105,9,2,21,6,0,1,3,19431
1438,19,26956,33,23,638,9,1,1,1,0,1,0,1790
1439,19,12695,94,36,557,3,0,10,9,7,3,4,7644
1440,13,9192,97,36,688,4,7,18,4,2,0,2,5131
1441,21,26236,57,56,667,1,1,13,13,12,1,9,6306
1442,14,26124,36,29,1092,1,9,4,2,2,2,2,4787
1443,11,17312,56,42,300,2,5,24,22,6,4,14,18880
1444,11,3666,72,56,310,7,8,14,10,9,9,8,2339
1445,23,5640,60,41,582,28,0,21,20,7,0,10,13570
1446,21,8978,95,34,704,28,1,8,8,7,1,7,6712
1447,24,10436,88,36,301,15,1,15,15,12,11,11,5406
1448,11,12227,57,41,930,3,2,14,5,4,0,4,8938
1449,14,11288,78,32,529,2,1,4,4,2,1,2,2439
1450,16,16642,31,35,1146,26,1,9,9,0,1,7,8837
1451,11,5982,100,38,345,10,1,10,10,7,1,9,5343
1452,12,14255,94,50,878,1,7,12,6,3,0,1,6728
1453,13,14369,100,36,1120,11,4,8,6,3,0,0,6652
1454,15,23333,50,45,374,20,8,8,5,3,0,1,4850
1455,14,2725,52,40,1322,2,2,8,2,2,2,2,2809
1456,14,24594,80,35,1199,18,1,10,10,2,0,2,5689
1457,14,12549,98,40,1194,2,2,20,5,3,0,2,2001
1458,12,8952,62,35,287,1,1,4,4,3,1,1,2977
1459,13,23679,46,29,1378,13,4,10,4,3,0,3,4025
1460,14,8489,73,29,468,28,1,5,5,4,0,4,3785
1461,13,16586,39,50,410,28,4,20,3,2,2,0,10854
1462,11,8828,60,39,722,24,0,21,20,9,9,6,12031
1463,19,3787,74,31,325,5,0,10,9,4,1,7,9936
1464,18,21378,30,26,1167,5,0,5,4,2,0,0,2966
1465,17,12290,41,36,884,23,4,17,5,2,0,3,2571
1466,15,21457,42,39,613,6,4,9,7,7,1,7,9991
1467,20,5174,87,27,155,4,1,6,6,2,0,3,6142
1468,14,13243,63,49,1023,2,2,17,9,6,0,8,5390
1469,12,10228,82,34,628,8,2,6,4,3,1,2,4404
